<?xml version="1.0" encoding="utf-8"?>
<EMSDataSet xmlns="http://www.nemsis.org" xmlns:xsi="http://www.w3.org/2001/XMLSchema-instance" xmlns:exslt="http://exslt.org/common" xsi:schemaLocation="http://www.nemsis.org http://nemsis.org/media/nemsis_v3/release-3.3.4/XSDs/NEMSIS_XSDs/EMSDataSet_v3.xsd">
  <!-- This NEMSIS 3 file was generated from a ESO EHR PCR file via an XML Stylesheet Language Transformation (XSLT). -->
  <Header>
    <DemographicGroup>
      <dAgency.01>0dcd285f10444c8495fb03f1d97075503475</dAgency.01>
      <dAgency.02>1563786124</dAgency.02>
      <dAgency.04>48</dAgency.04>
    </DemographicGroup>
    <PatientCareReport>
      <eRecord>
        <eRecord.01>2776aa4b569e473fb43fa51400eb801e</eRecord.01>
        <eRecord.SoftwareApplicationGroup>
          <eRecord.02>ESO Solutions</eRecord.02>
          <eRecord.03>ESO EHR</eRecord.03>
          <eRecord.04>5.0</eRecord.04>
        </eRecord.SoftwareApplicationGroup>
      </eRecord>
      <eResponse>
        <eResponse.AgencyGroup>
          <eResponse.01>1683029824</eResponse.01>
          <eResponse.02>31b77a64a6b8481e9b6f26fc156fba8f7f2c</eResponse.02>
        </eResponse.AgencyGroup>
        <eResponse.03>0cf235ea2</eResponse.03>
        <eResponse.04 xsi:nil="true" NV="7701003" />
        <eResponse.ServiceGroup>
          <eResponse.05>2205009</eResponse.05>
        </eResponse.ServiceGroup>
        <eResponse.07>2207005</eResponse.07>
        <eResponse.08 xsi:nil="true" NV="7701003" />
        <eResponse.09 xsi:nil="true" NV="7701003" />
        <eResponse.10 xsi:nil="true" NV="7701003" />
        <eResponse.11 xsi:nil="true" NV="7701003" />
        <eResponse.12 xsi:nil="true" NV="7701003" />
        <eResponse.13>ba54</eResponse.13>
        <eResponse.14>5414adc0-4b56-4c92-8f5d-a36900fbbc69</eResponse.14>
        <eResponse.23>2223001</eResponse.23>
        <eResponse.24 xsi:nil="true" NV="7701003" />
      </eResponse>
      <eDispatch>
        <eDispatch.02 xsi:nil="true" NV="7701003" />
        <eDispatch.04>1100</eDispatch.04>
      </eDispatch>
      <eCrew>
        <eCrew.CrewGroup CorrelationID="d4171543e661">
          <eCrew.01 xsi:nil="true" NV="7701003" />
          <eCrew.02 xsi:nil="true" NV="7701003" />
          <eCrew.03>2403011</eCrew.03>
          <eCrew.03>2403013</eCrew.03>
        </eCrew.CrewGroup>
      </eCrew>
      <eTimes>
        <eTimes.01 xsi:nil="true" NV="7701003" />
        <eTimes.03>2015-09-14T00:34:00-00:00</eTimes.03>
        <eTimes.04>2015-09-14T00:34:00-00:00</eTimes.04>
        <eTimes.05>2015-09-14T00:34:00-00:00</eTimes.05>
        <eTimes.06>2015-09-14T00:34:00-00:00</eTimes.06>
        <eTimes.07>2015-09-14T00:34:00-00:00</eTimes.07>
        <eTimes.08 xsi:nil="true" NV="7701003" />
        <eTimes.09>2015-09-14T00:34:00-00:00</eTimes.09>
        <eTimes.11 xsi:nil="true" NV="7701003" />
        <eTimes.12>2015-09-14T00:34:00-00:00</eTimes.12>
        <eTimes.14>2015-09-14T00:34:00-00:00</eTimes.14>
      </eTimes>
      <ePatient>
        <ePatient.PatientNameGroup>
          <ePatient.02 />
          <ePatient.03 />
          <ePatient.04 />
        </ePatient.PatientNameGroup>
        <ePatient.07 xsi:nil="true" NV="7701003" />
        <ePatient.08 xsi:nil="true" NV="7701003" />
        <ePatient.09 xsi:nil="true" NV="7701003" />
        <ePatient.10>US</ePatient.10>
        <ePatient.13 xsi:nil="true" NV="7701003" />
        <ePatient.14 xsi:nil="true" NV="7701003" />
        <ePatient.AgeGroup>
          <ePatient.15 xsi:nil="true" NV="7701003" />
          <ePatient.16 xsi:nil="true" NV="7701003" />
        </ePatient.AgeGroup>
      </ePatient>
      <ePayment>
        <ePayment.01 xsi:nil="true" NV="7701003" />
        <ePayment.CertificateGroup>
          <ePayment.02>9922003</ePayment.02>
        </ePayment.CertificateGroup>
        <ePayment.ClosestRelativeGroup>
          <ePayment.30>US</ePayment.30>
        </ePayment.ClosestRelativeGroup>
        <ePayment.EmployerGroup />
        <ePayment.50 xsi:nil="true" NV="7701003" />
      </ePayment>
      <eScene>
        <eScene.01 xsi:nil="true" NV="7701003" />
        <eScene.ResponderGroup>
          <eScene.02>e811b59e4e3848b0824c65a2334465736e7</eScene.02>
          <eScene.03>DVFD</eScene.03>
          <eScene.04>2704013</eScene.04>
        </eScene.ResponderGroup>
        <eScene.ResponderGroup>
          <eScene.02>b0924b34c13242a</eScene.02>
          <eScene.03>LCEMS</eScene.03>
          <eScene.04>2704013</eScene.04>
        </eScene.ResponderGroup>
        <eScene.05>2015-09-14T07:00:00-00:00</eScene.05>
        <eScene.06>2707005</eScene.06>
        <eScene.07>9923001</eScene.07>
        <eScene.08 xsi:nil="true" NV="7701003" />
        <eScene.09>Y92.0</eScene.09>
        <eScene.13 />
        <eScene.14 xsi:nil="true" NV="7701003" />
        <eScene.15 xsi:nil="true" NV="7701003" />
        <eScene.16 />
        <eScene.17>1727020348</eScene.17>
        <eScene.18>08</eScene.18>
        <eScene.19>1fd72</eScene.19>
        <eScene.20 xsi:nil="true" NV="7701003" />
        <eScene.21>9fe</eScene.21>
        <eScene.22>US</eScene.22>
      </eScene>
      <eSituation>
        <eSituation.01>2015-09-14T00:34:00-00:00</eSituation.01>
        <eSituation.02>9922003</eSituation.02>
        <eSituation.PatientComplaintGroup CorrelationID="">
          <eSituation.03>2803001</eSituation.03>
          <eSituation.04 xsi:nil="true" NV="7701003" />
          <eSituation.05 xsi:nil="true" NV="7701003" />
          <eSituation.06 xsi:nil="true" NV="7701003" />
        </eSituation.PatientComplaintGroup>
        <eSituation.PatientComplaintGroup CorrelationID="">
          <eSituation.03>2803005</eSituation.03>
          <eSituation.04 xsi:nil="true" NV="7701003" />
          <eSituation.05 xsi:nil="true" NV="7701003" />
          <eSituation.06 xsi:nil="true" NV="7701003" />
        </eSituation.PatientComplaintGroup>
        <eSituation.07 xsi:nil="true" NV="7701003" />
        <eSituation.08 xsi:nil="true" NV="7701003" />
        <eSituation.09 xsi:nil="true" NV="7701003" />
        <eSituation.10 xsi:nil="true" NV="7701001" />
        <eSituation.11 xsi:nil="true" NV="7701003" />
        <eSituation.12 xsi:nil="true" NV="7701003" />
        <eSituation.13 xsi:nil="true" NV="7701003" />
        <eSituation.WorkRelatedGroup>
          <eSituation.14>9922003</eSituation.14>
        </eSituation.WorkRelatedGroup>
        <eSituation.17 xsi:nil="true" NV="7701003" />
      </eSituation>
      <eInjury>
        <eInjury.01 xsi:nil="true" NV="7701003" />
        <eInjury.02 xsi:nil="true" NV="7701003" />
        <eInjury.03 xsi:nil="true" NV="7701003" />
        <eInjury.04 xsi:nil="true" NV="7701003" />
        <eInjury.07 xsi:nil="true" NV="7701003" />
        <eInjury.CollisionGroup />
      </eInjury>
      <eArrest>
        <eArrest.01 xsi:nil="true" NV="7701003" />
        <eArrest.02 xsi:nil="true" NV="7701003" />
        <eArrest.03 xsi:nil="true" NV="7701003" />
        <eArrest.04 xsi:nil="true" NV="7701003" />
        <eArrest.05 xsi:nil="true" NV="7701003" />
        <eArrest.07 xsi:nil="true" NV="7701003" />
        <eArrest.09 xsi:nil="true" NV="7701003" />
        <eArrest.10 xsi:nil="true" NV="7701003" />
        <eArrest.11 xsi:nil="true" NV="7701003" />
        <eArrest.12 xsi:nil="true" NV="7701003" />
        <eArrest.14 xsi:nil="true" NV="7701003" />
        <eArrest.15 xsi:nil="true" NV="7701003" />
        <eArrest.16 xsi:nil="true" NV="7701003" />
        <eArrest.17 xsi:nil="true" NV="7701003" />
        <eArrest.18 xsi:nil="true" NV="7701003" />
      </eArrest>
      <eHistory>
        <eHistory.01 xsi:nil="true" NV="7701003" />
        <eHistory.PractitionerGroup CorrelationID="" />
        <eHistory.05 xsi:nil="true" NV="7701003" />
        <eHistory.06 xsi:nil="true" NV="7701003" />
        <eHistory.08 xsi:nil="true" NV="7701003" />
        <eHistory.17 xsi:nil="true" NV="7701003" />
      </eHistory>
      <eNarrative>
        <eNarrative.01>d15bcf115b8f4ab88cf6d09e04</eNarrative.01>
      </eNarrative>
      <eVitals>
        <eVitals.VitalGroup>
          <eVitals.01 xsi:nil="true" NV="7701003" />
          <eVitals.02 xsi:nil="true" NV="7701003" />
          <eVitals.CardiacRhythmGroup>
            <eVitals.03 xsi:nil="true" NV="7701003" />
            <eVitals.04 xsi:nil="true" NV="7701003" />
            <eVitals.05 xsi:nil="true" NV="7701003" />
          </eVitals.CardiacRhythmGroup>
          <eVitals.BloodPressureGroup>
            <eVitals.06 xsi:nil="true" NV="7701003" />
            <eVitals.08 xsi:nil="true" NV="7701003" />
          </eVitals.BloodPressureGroup>
          <eVitals.HeartRateGroup>
            <eVitals.10 xsi:nil="true" NV="7701003" />
          </eVitals.HeartRateGroup>
          <eVitals.12 xsi:nil="true" NV="7701003" />
          <eVitals.14 xsi:nil="true" NV="7701003" />
          <eVitals.16 xsi:nil="true" NV="7701003" />
          <eVitals.18 xsi:nil="true" NV="7701003" />
          <eVitals.GlasgowScoreGroup>
            <eVitals.19 xsi:nil="true" NV="7701003" />
            <eVitals.20 xsi:nil="true" NV="7701003" />
            <eVitals.21 xsi:nil="true" NV="7701003" />
            <eVitals.22 xsi:nil="true" NV="7701003" />
          </eVitals.GlasgowScoreGroup>
          <eVitals.26 xsi:nil="true" NV="7701003" />
          <eVitals.PainScaleGroup>
            <eVitals.27 xsi:nil="true" NV="7701003" />
          </eVitals.PainScaleGroup>
          <eVitals.StrokeScaleGroup>
            <eVitals.29 xsi:nil="true" NV="7701003" />
            <eVitals.30 xsi:nil="true" NV="7701003" />
          </eVitals.StrokeScaleGroup>
          <eVitals.31 xsi:nil="true" NV="7701003" />
        </eVitals.VitalGroup>
      </eVitals>
      <eExam>
        <eExam.01 xsi:nil="true" NV="7701003" />
        <eExam.02 xsi:nil="true" NV="7701003" />
      </eExam>
      <eProtocols>
        <eProtocols.ProtocolGroup>
          <eProtocols.01 xsi:nil="true" NV="7701003" />
          <eProtocols.02 xsi:nil="true" NV="7701003" />
        </eProtocols.ProtocolGroup>
      </eProtocols>
      <eMedications>
        <eMedications.MedicationGroup>
          <eMedications.01 xsi:nil="true" NV="7701001" />
          <eMedications.02 xsi:nil="true" NV="7701001" />
          <eMedications.03 xsi:nil="true" NV="7701001" />
          <eMedications.DosageGroup>
            <eMedications.05 xsi:nil="true" NV="7701001" />
            <eMedications.06 xsi:nil="true" NV="7701001" />
          </eMedications.DosageGroup>
          <eMedications.07 xsi:nil="true" NV="7701001" />
          <eMedications.08 xsi:nil="true" NV="7701001" />
          <eMedications.10 xsi:nil="true" NV="7701001" />
        </eMedications.MedicationGroup>
      </eMedications>
      <eProcedures>
        <eProcedures.ProcedureGroup>
          <eProcedures.01 xsi:nil="true" NV="7701001" />
          <eProcedures.02 xsi:nil="true" NV="7701001" />
          <eProcedures.03 xsi:nil="true" NV="7701001" />
          <eProcedures.05 xsi:nil="true" NV="7701001" />
          <eProcedures.06 xsi:nil="true" NV="7701001" />
          <eProcedures.07 xsi:nil="true" NV="7701001" />
          <eProcedures.08 xsi:nil="true" NV="7701001" />
          <eProcedures.10 xsi:nil="true" NV="7701001" />
        </eProcedures.ProcedureGroup>
      </eProcedures>
      <eDisposition>
        <eDisposition.DestinationGroup>
          <eDisposition.01 />
          <eDisposition.02>00000000-0000-0000-0000-000000000000</eDisposition.02>
          <eDisposition.05 xsi:nil="true" NV="7701003" />
          <eDisposition.06 xsi:nil="true" NV="7701003" />
          <eDisposition.07 xsi:nil="true" NV="7701003" />
        </eDisposition.DestinationGroup>
        <eDisposition.11 xsi:nil="true" NV="7701003" />
        <eDisposition.16 xsi:nil="true" NV="7701003" />
        <eDisposition.17 xsi:nil="true" NV="7701001" />
        <eDisposition.18 xsi:nil="true" NV="7701001" />
        <eDisposition.19 xsi:nil="true" NV="7701003" />
        <eDisposition.20 xsi:nil="true" NV="7701003" />
        <eDisposition.21 xsi:nil="true" NV="7701003" />
        <eDisposition.22 xsi:nil="true" NV="7701003" />
        <eDisposition.23 xsi:nil="true" NV="7701003" />
        <eDisposition.HospitalTeamActivationGroup>
          <eDisposition.24 xsi:nil="true" NV="7701003" />
          <eDisposition.25 xsi:nil="true" NV="7701003" />
        </eDisposition.HospitalTeamActivationGroup>
        <eDisposition.26>444</eDisposition.26>
      </eDisposition>
      <eOutcome>
        <eOutcome.01 NV="7701001" xsi:nil="true" />
        <eOutcome.02 NV="7701001" xsi:nil="true" />
      </eOutcome>
      <eOther>
        <eOther.01>9923001</eOther.01>
        <eOther.EMSCrewMemberGroup CorrelationID="d4171543e1.eOther.EMSCrewMemberGroup">
          <eOther.03>4503003</eOther.03>
          <eOther.05>9923001</eOther.05>
          <eOther.06 xsi:nil="true" NV="7701003" />
        </eOther.EMSCrewMemberGroup>
        <eOther.08 xsi:nil="true" NV="7701003" />
      </eOther>
    </PatientCareReport>
  </Header>
</EMSDataSet>
