<?xml version="1.0" encoding="utf-8"?>
<EMSDataSet xmlns="http://www.nemsis.org" xmlns:xsi="http://www.w3.org/2001/XMLSchema-instance" xmlns:exslt="http://exslt.org/common" xsi:schemaLocation="http://www.nemsis.org http://nemsis.org/media/nemsis_v3/release-3.3.4/XSDs/NEMSIS_XSDs/EMSDataSet_v3.xsd">
  <!-- This NEMSIS 3 file was generated from a ESO EHR PCR file via an XML Stylesheet Language Transformation (XSLT). -->
  <Header>
    <DemographicGroup>
      <dAgency.01>837c389b59f341ddb163483a2f752afee444</dAgency.01>
      <dAgency.02>579001970</dAgency.02>
      <dAgency.04>48</dAgency.04>
    </DemographicGroup>
    <PatientCareReport>
      <eRecord>
        <eRecord.01>478e6854f3a14371889fa5010062301c</eRecord.01>
        <eRecord.SoftwareApplicationGroup>
          <eRecord.02>ESO Solutions</eRecord.02>
          <eRecord.03>ESO EHR</eRecord.03>
          <eRecord.04>5.0</eRecord.04>
        </eRecord.SoftwareApplicationGroup>
      </eRecord>
      <eResponse>
        <eResponse.AgencyGroup>
          <eResponse.01>1961978041</eResponse.01>
          <eResponse.02>ffca1102347d42399b54547e9037a7e6b85a</eResponse.02>
        </eResponse.AgencyGroup>
        <eResponse.03>52b4a30a3</eResponse.03>
        <eResponse.04 xsi:nil="true" NV="7701003" />
        <eResponse.ServiceGroup>
          <eResponse.05>2205001</eResponse.05>
        </eResponse.ServiceGroup>
        <eResponse.07>2207003</eResponse.07>
        <eResponse.08 xsi:nil="true" NV="7701003" />
        <eResponse.09 xsi:nil="true" NV="7701003" />
        <eResponse.10 xsi:nil="true" NV="7701003" />
        <eResponse.11 xsi:nil="true" NV="7701003" />
        <eResponse.12 xsi:nil="true" NV="7701003" />
        <eResponse.13>970b</eResponse.13>
        <eResponse.14>02e817d5-5a58-491e-beda-281cf84f1a1e</eResponse.14>
        <eResponse.23>2223001</eResponse.23>
        <eResponse.24 xsi:nil="true" NV="7701003" />
      </eResponse>
      <eDispatch>
        <eDispatch.02 xsi:nil="true" NV="7701003" />
        <eDispatch.04>1100</eDispatch.04>
      </eDispatch>
      <eCrew>
        <eCrew.CrewGroup CorrelationID="d5165233e867">
          <eCrew.01>2a9748</eCrew.01>
          <eCrew.02>9925013</eCrew.02>
          <eCrew.03>2403011</eCrew.03>
          <eCrew.03>2403013</eCrew.03>
        </eCrew.CrewGroup>
        <eCrew.CrewGroup CorrelationID="d5165233e878">
          <eCrew.01 xsi:nil="true" NV="7701003" />
          <eCrew.02 xsi:nil="true" NV="7701003" />
          <eCrew.03>2403001</eCrew.03>
          <eCrew.03>2403003</eCrew.03>
        </eCrew.CrewGroup>
      </eCrew>
      <eTimes>
        <eTimes.01 xsi:nil="true" NV="7701003" />
        <eTimes.03>2015-08-27T12:51:00-00:00</eTimes.03>
        <eTimes.04>2015-08-27T12:52:00-00:00</eTimes.04>
        <eTimes.05>2015-08-27T12:54:00-00:00</eTimes.05>
        <eTimes.06>2015-08-27T13:02:43-00:00</eTimes.06>
        <eTimes.07>2015-08-27T13:03:00-00:00</eTimes.07>
        <eTimes.08 xsi:nil="true" NV="7701003" />
        <eTimes.09 xsi:nil="true" NV="7701003" />
        <eTimes.11 xsi:nil="true" NV="7701003" />
        <eTimes.12 xsi:nil="true" NV="7701003" />
        <eTimes.14>2015-08-27T13:09:00-00:00</eTimes.14>
      </eTimes>
      <ePatient>
        <ePatient.PatientNameGroup>
          <ePatient.02>33d876d</ePatient.02>
          <ePatient.03>33189</ePatient.03>
          <ePatient.04 />
        </ePatient.PatientNameGroup>
        <ePatient.06>1929760011</ePatient.06>
        <ePatient.07>1b1</ePatient.07>
        <ePatient.08>08</ePatient.08>
        <ePatient.09>04920</ePatient.09>
        <ePatient.10>US</ePatient.10>
        <ePatient.13>9906001</ePatient.13>
        <ePatient.14>2514011</ePatient.14>
        <ePatient.AgeGroup>
          <ePatient.15>66</ePatient.15>
          <ePatient.16>2516009</ePatient.16>
        </ePatient.AgeGroup>
        <ePatient.17>1949-06-04T08:15:04</ePatient.17>
      </ePatient>
      <ePayment>
        <ePayment.01 xsi:nil="true" NV="7701003" />
        <ePayment.CertificateGroup>
          <ePayment.02>9922003</ePayment.02>
        </ePayment.CertificateGroup>
        <ePayment.ClosestRelativeGroup>
          <ePayment.30>US</ePayment.30>
        </ePayment.ClosestRelativeGroup>
        <ePayment.EmployerGroup />
        <ePayment.50 xsi:nil="true" NV="7701003" />
      </ePayment>
      <eScene>
        <eScene.01 xsi:nil="true" NV="7701003" />
        <eScene.05>2015-08-27T07:00:00-00:00</eScene.05>
        <eScene.06>2707005</eScene.06>
        <eScene.07>9923001</eScene.07>
        <eScene.08 xsi:nil="true" NV="7701003" />
        <eScene.09>Y92.0</eScene.09>
        <eScene.13 />
        <eScene.14 xsi:nil="true" NV="7701003" />
        <eScene.15 xsi:nil="true" NV="7701003" />
        <eScene.16 xsi:nil="true" NV="7701003" />
        <eScene.17>2007633929</eScene.17>
        <eScene.18>08</eScene.18>
        <eScene.19>6509a</eScene.19>
        <eScene.20 xsi:nil="true" NV="7701003" />
        <eScene.21>808</eScene.21>
        <eScene.22>US</eScene.22>
      </eScene>
      <eSituation>
        <eSituation.01>2015-08-27T12:51:00-00:00</eSituation.01>
        <eSituation.02>9922001</eSituation.02>
        <eSituation.PatientComplaintGroup CorrelationID="d5165233e1033">
          <eSituation.03>2803001</eSituation.03>
          <eSituation.04>92c7d072052</eSituation.04>
          <eSituation.05>1</eSituation.05>
          <eSituation.06>2806005</eSituation.06>
        </eSituation.PatientComplaintGroup>
        <eSituation.PatientComplaintGroup CorrelationID="">
          <eSituation.03>2803005</eSituation.03>
          <eSituation.04 xsi:nil="true" NV="7701003" />
          <eSituation.05 xsi:nil="true" NV="7701003" />
          <eSituation.06 xsi:nil="true" NV="7701003" />
        </eSituation.PatientComplaintGroup>
        <eSituation.07 xsi:nil="true" NV="7701003" />
        <eSituation.08 xsi:nil="true" NV="7701003" />
        <eSituation.09 xsi:nil="true" NV="7701003" />
        <eSituation.10 xsi:nil="true" NV="7701001" />
        <eSituation.11 xsi:nil="true" NV="7701001" />
        <eSituation.12 xsi:nil="true" NV="7701001" />
        <eSituation.13 xsi:nil="true" NV="7701003" />
        <eSituation.WorkRelatedGroup>
          <eSituation.14>9922003</eSituation.14>
        </eSituation.WorkRelatedGroup>
        <eSituation.17 xsi:nil="true" NV="7701003" />
      </eSituation>
      <eInjury>
        <eInjury.01 xsi:nil="true" NV="7701003" />
        <eInjury.02 xsi:nil="true" NV="7701003" />
        <eInjury.03 xsi:nil="true" NV="7701003" />
        <eInjury.04 xsi:nil="true" NV="7701003" />
        <eInjury.07 xsi:nil="true" NV="7701003" />
        <eInjury.CollisionGroup />
      </eInjury>
      <eArrest>
        <eArrest.01 xsi:nil="true" NV="7701003" />
        <eArrest.02 xsi:nil="true" NV="7701003" />
        <eArrest.03 xsi:nil="true" NV="7701003" />
        <eArrest.04 xsi:nil="true" NV="7701003" />
        <eArrest.05 xsi:nil="true" NV="7701003" />
        <eArrest.07 xsi:nil="true" NV="7701003" />
        <eArrest.09 xsi:nil="true" NV="7701003" />
        <eArrest.10 xsi:nil="true" NV="7701003" />
        <eArrest.11 xsi:nil="true" NV="7701003" />
        <eArrest.12 xsi:nil="true" NV="7701003" />
        <eArrest.14 xsi:nil="true" NV="7701003" />
        <eArrest.15 xsi:nil="true" NV="7701003" />
        <eArrest.16 xsi:nil="true" NV="7701003" />
        <eArrest.17 xsi:nil="true" NV="7701003" />
        <eArrest.18 xsi:nil="true" NV="7701003" />
      </eArrest>
      <eHistory>
        <eHistory.01>3101009</eHistory.01>
        <eHistory.PractitionerGroup CorrelationID="" />
        <eHistory.05 xsi:nil="true" NV="7701003" />
        <eHistory.06 xsi:nil="true" NV="7701003" />
        <eHistory.08 xsi:nil="true" NV="7701003" />
        <eHistory.17 xsi:nil="true" NV="7701001" />
        <eHistory.18>3118001</eHistory.18>
      </eHistory>
      <eNarrative>
        <eNarrative.01>111f2e114cd64fe28999fc605b2390b24a5b46ce739b4c91bb46d53f73670c6068a3eb432ff845b7a6829c43ffc8372f4a6c83cd829f4f52b0ac16afb24532eb2a4caf6b602d45aa9d1c080e918470be68965</eNarrative.01>
      </eNarrative>
      <eVitals>
        <eVitals.VitalGroup CorrelationID="d5165233e1200">
          <eVitals.01>2015-08-27T06:05:00-00:00</eVitals.01>
          <eVitals.02>9923001</eVitals.02>
          <eVitals.CardiacRhythmGroup CorrelationID="d5165233e1182.eVitals.CardiacRhythmGroup">
            <eVitals.03 xsi:nil="true" NV="7701003" />
            <eVitals.04 xsi:nil="true" NV="7701003" />
            <eVitals.05 xsi:nil="true" NV="7701003" />
          </eVitals.CardiacRhythmGroup>
          <eVitals.BloodPressureGroup>
            <eVitals.06 xsi:nil="true" NV="7701003" />
            <eVitals.07 xsi:nil="true" NV="7701003" />
            <eVitals.08 xsi:nil="true" NV="7701003" />
          </eVitals.BloodPressureGroup>
          <eVitals.HeartRateGroup>
            <eVitals.10>86</eVitals.10>
          </eVitals.HeartRateGroup>
          <eVitals.12 xsi:nil="true" NV="7701003" />
          <eVitals.14>14</eVitals.14>
          <eVitals.15>3315007</eVitals.15>
          <eVitals.16 xsi:nil="true" NV="7701003" />
          <eVitals.17 xsi:nil="true" NV="7701003" />
          <eVitals.18 xsi:nil="true" NV="7701003" />
          <eVitals.GlasgowScoreGroup>
            <eVitals.19 xsi:nil="true" NV="7701001" />
            <eVitals.20 xsi:nil="true" NV="7701001" />
            <eVitals.21 xsi:nil="true" NV="7701001" />
            <eVitals.22 xsi:nil="true" NV="7701003" />
            <eVitals.23>15</eVitals.23>
          </eVitals.GlasgowScoreGroup>
          <eVitals.TemperatureGroup>
            <eVitals.24 xsi:nil="true" NV="7701003" />
          </eVitals.TemperatureGroup>
          <eVitals.26>3326001</eVitals.26>
          <eVitals.PainScaleGroup>
            <eVitals.27 xsi:nil="true" NV="7701003" />
            <eVitals.28>3328003</eVitals.28>
          </eVitals.PainScaleGroup>
          <eVitals.StrokeScaleGroup>
            <eVitals.29 xsi:nil="true" NV="7701003" />
            <eVitals.30 xsi:nil="true" NV="7701003" />
          </eVitals.StrokeScaleGroup>
          <eVitals.31 xsi:nil="true" NV="7701003" />
          <eVitals.33>8</eVitals.33>
        </eVitals.VitalGroup>
      </eVitals>
      <eExam>
        <eExam.01 xsi:nil="true" NV="7701003" />
        <eExam.02 xsi:nil="true" NV="7701003" />
        <eExam.AssessmentGroup CorrelationID="d5165233e53">
          <eExam.03>2015-08-27T13:04:00-00:00</eExam.03>
          <eExam.19>3519011</eExam.19>
          <eExam.19>3519013</eExam.19>
          <eExam.19>3519015</eExam.19>
          <eExam.19>3519017</eExam.19>
        </eExam.AssessmentGroup>
        <eExam.AssessmentGroup CorrelationID="d5165233e59" />
      </eExam>
      <eProtocols>
        <eProtocols.ProtocolGroup CorrelationID="d5165233e1">
          <eProtocols.01 xsi:nil="true" NV="7701003" />
          <eProtocols.02 xsi:nil="true" NV="7701003" />
        </eProtocols.ProtocolGroup>
      </eProtocols>
      <eMedications>
        <eMedications.MedicationGroup>
          <eMedications.01 xsi:nil="true" NV="7701001" />
          <eMedications.02 xsi:nil="true" NV="7701001" />
          <eMedications.03 xsi:nil="true" NV="7701001" />
          <eMedications.DosageGroup>
            <eMedications.05 xsi:nil="true" NV="7701001" />
            <eMedications.06 xsi:nil="true" NV="7701001" />
          </eMedications.DosageGroup>
          <eMedications.07 xsi:nil="true" NV="7701001" />
          <eMedications.08 xsi:nil="true" NV="7701001" />
          <eMedications.10 xsi:nil="true" NV="7701001" />
        </eMedications.MedicationGroup>
      </eMedications>
      <eProcedures>
        <eProcedures.ProcedureGroup>
          <eProcedures.01 xsi:nil="true" NV="7701001" />
          <eProcedures.02 xsi:nil="true" NV="7701001" />
          <eProcedures.03 xsi:nil="true" NV="7701001" />
          <eProcedures.05 xsi:nil="true" NV="7701001" />
          <eProcedures.06 xsi:nil="true" NV="7701001" />
          <eProcedures.07 xsi:nil="true" NV="7701001" />
          <eProcedures.08 xsi:nil="true" NV="7701001" />
          <eProcedures.10 xsi:nil="true" NV="7701001" />
        </eProcedures.ProcedureGroup>
      </eProcedures>
      <eDisposition>
        <eDisposition.DestinationGroup>
          <eDisposition.01 />
          <eDisposition.02>00000000-0000-0000-0000-000000000000</eDisposition.02>
          <eDisposition.05 xsi:nil="true" NV="7701003" />
          <eDisposition.06 xsi:nil="true" NV="7701003" />
          <eDisposition.07 xsi:nil="true" NV="7701003" />
        </eDisposition.DestinationGroup>
        <eDisposition.11 xsi:nil="true" NV="7701003" />
        <eDisposition.16 xsi:nil="true" NV="7701003" />
        <eDisposition.17 xsi:nil="true" NV="7701001" />
        <eDisposition.18 xsi:nil="true" NV="7701001" />
        <eDisposition.19 xsi:nil="true" NV="7701003" />
        <eDisposition.20 xsi:nil="true" NV="7701003" />
        <eDisposition.21 xsi:nil="true" NV="7701003" />
        <eDisposition.22 xsi:nil="true" NV="7701003" />
        <eDisposition.23 xsi:nil="true" NV="7701003" />
        <eDisposition.HospitalTeamActivationGroup>
          <eDisposition.24 xsi:nil="true" NV="7701003" />
          <eDisposition.25 xsi:nil="true" NV="7701003" />
        </eDisposition.HospitalTeamActivationGroup>
        <eDisposition.26>444</eDisposition.26>
      </eDisposition>
      <eOutcome>
        <eOutcome.01 NV="7701001" xsi:nil="true" />
        <eOutcome.02 NV="7701001" xsi:nil="true" />
      </eOutcome>
      <eOther>
        <eOther.01>9923001</eOther.01>
        <eOther.EMSCrewMemberGroup CorrelationID="d5165233e1.eOther.EMSCrewMemberGroup">
          <eOther.03>4503003</eOther.03>
          <eOther.05>9923001</eOther.05>
          <eOther.06 xsi:nil="true" NV="7701003" />
        </eOther.EMSCrewMemberGroup>
        <eOther.08>117536</eOther.08>
        <eOther.SignatureGroup>
          <eOther.12>4512003</eOther.12>
          <eOther.13>4513023</eOther.13>
          <eOther.17>JPEG</eOther.17>
          <eOther.20>6f4b2f</eOther.20>
          <eOther.21>0ad332</eOther.21>
        </eOther.SignatureGroup>
      </eOther>
    </PatientCareReport>
  </Header>
</EMSDataSet>
