<EMSDataSet xmlns="http://www.nemsis.org" xmlns:xsi="http://www.w3.org/2001/XMLSchema-instance" xmlns:schemaLocation="http://www.nemsis.org http://nemsis.org/media/XSD_v3/_nemsis_v3.3.4/3.3.4.140328/XSDs/NEMSIS_XSDs_v3.3.4.140328/EMSDataSet_v3.xsd"><Header><DemographicGroup><dAgency.01>5043</dAgency.01><dAgency.02>5043</dAgency.02><dAgency.04>31</dAgency.04></DemographicGroup><PatientCareReport><eRecord><eRecord.01>d{FE{hWeuXA7QYQq[=qpXn4CPSH?uus|</eRecord.01><eRecord.SoftwareApplicationGroup><eRecord.02>ZOLL</eRecord.02><eRecord.03>ePCR</eRecord.03><eRecord.04>1.0</eRecord.04></eRecord.SoftwareApplicationGroup></eRecord><eResponse><eResponse.AgencyGroup><eResponse.01>z\9OUB0P|?W0vFS</eResponse.01><eResponse.02>^\FP^vzcsw2sXPGn}bC;rP1LH&lt;PqHG4K9}ga_UE50vCURMV0eOWKc;^&gt;Zw7QU8K\seiXfc?XL=;y&lt;ZxydP;wmfe{OY7eNr^u[e_k</eResponse.02></eResponse.AgencyGroup><eResponse.03>0017512</eResponse.03><eResponse.04>0017512</eResponse.04><eResponse.ServiceGroup><eResponse.05>2205001</eResponse.05></eResponse.ServiceGroup><eResponse.07>2207003</eResponse.07><eResponse.08>2208013</eResponse.08><eResponse.09>2209011</eResponse.09><eResponse.10>2210017</eResponse.10><eResponse.11>2211011</eResponse.11><eResponse.12>2212015</eResponse.12><eResponse.13>a{G2?}|U0b20}&lt;j4zQl=}l9=\</eResponse.13><eResponse.14>W:X\CMTx&lt;Gf89gng?{jV7fB7Yx9wRlsr:SfsTvjE\5pr4zqh{S</eResponse.14><eResponse.15>2215013</eResponse.15><eResponse.20>0.1</eResponse.20><eResponse.21>3.2</eResponse.21><eResponse.23>2223001</eResponse.23><eResponse.24>2224015</eResponse.24></eResponse><eDispatch><eDispatch.01>2301073</eDispatch.01><eDispatch.02>2302003</eDispatch.02></eDispatch><eCrew><eCrew.CrewGroup><eCrew.01>156</eCrew.01><eCrew.02>9925019</eCrew.02><eCrew.03>2403013</eCrew.03></eCrew.CrewGroup><eCrew.CrewGroup><eCrew.01>4160</eCrew.01><eCrew.02>9925019</eCrew.02><eCrew.03>2403003</eCrew.03></eCrew.CrewGroup></eCrew><eTimes><eTimes.01 xsi:nil="true" NV="7701003" /><eTimes.02>2015-04-22T19:04:09-05:00</eTimes.02><eTimes.03>2015-04-22T19:04:15-05:00</eTimes.03><eTimes.05>2015-04-22T19:05:08-05:00</eTimes.05><eTimes.06>2015-04-22T19:09:00-05:00</eTimes.06><eTimes.07>2015-04-22T19:09:00-05:00</eTimes.07><eTimes.08 xsi:nil="true" NV="7701003" /><eTimes.09>2015-04-22T19:22:22-05:00</eTimes.09><eTimes.11>2015-04-22T19:28:47-05:00</eTimes.11><eTimes.12>2015-04-22T19:30:00-05:00</eTimes.12><eTimes.13>2015-04-22T19:42:59-05:00</eTimes.13></eTimes><ePatient><ePatient.PatientNameGroup><ePatient.02>Scafide</ePatient.02><ePatient.03>Rick</ePatient.03><ePatient.04>Heidi</ePatient.04></ePatient.PatientNameGroup><ePatient.05>6798 Hickory Forest Ln</ePatient.05><ePatient.06>82548</ePatient.06><ePatient.07>90662</ePatient.07><ePatient.08>24</ePatient.08><ePatient.09>14068</ePatient.09><ePatient.10>US</ePatient.10><ePatient.12>330652568</ePatient.12><ePatient.13>9906003</ePatient.13><ePatient.14>2514011</ePatient.14><ePatient.AgeGroup><ePatient.15>37</ePatient.15><ePatient.16>2516009</ePatient.16></ePatient.AgeGroup><ePatient.17>1962-06-11</ePatient.17></ePatient><ePayment><ePayment.01 NV="7701003" xsi:nil="true" /><ePayment.CertificateGroup /><ePayment.ClosestRelativeGroup /><ePayment.EmployerGroup /><ePayment.50 NV="7701003" xsi:nil="true" /></ePayment><eScene><eScene.01>9923001</eScene.01><eScene.06>2707005</eScene.06><eScene.07>9923001</eScene.07><eScene.08 NV="7701003" xsi:nil="true" /><eScene.09>Y92.41</eScene.09><eScene.10 NV="7701003" xsi:nil="true" /><eScene.14 NV="7701003" xsi:nil="true" /><eScene.15>4449 Parker Ave</eScene.15><eScene.16 xsi:nil="true" NV="7701003" /><eScene.17>98162</eScene.17><eScene.18>37</eScene.18><eScene.19>10894</eScene.19><eScene.20 xsi:nil="true" NV="7701003" /><eScene.21>94448</eScene.21><eScene.22>US</eScene.22></eScene><eSituation><eSituation.01>2015-04-22T19:00:00-05:00</eSituation.01><eSituation.02 NV="7701003" xsi:nil="true" /><eSituation.PatientComplaintGroup><eSituation.03>2803001</eSituation.03><eSituation.04>Seizure</eSituation.04><eSituation.05>15</eSituation.05><eSituation.06>2806003</eSituation.06></eSituation.PatientComplaintGroup><eSituation.07>2807011</eSituation.07><eSituation.08>2808005</eSituation.08><eSituation.09>R56.9</eSituation.09><eSituation.10>R41.82</eSituation.10><eSituation.11>G40.909</eSituation.11><eSituation.12>R41.82</eSituation.12><eSituation.13>2813001</eSituation.13><eSituation.WorkRelatedGroup><eSituation.14 NV="7701003" xsi:nil="true" /></eSituation.WorkRelatedGroup><eSituation.17 NV="7701003" xsi:nil="true" /></eSituation><eInjury><eInjury.01 NV="7701003" xsi:nil="true" /><eInjury.02 NV="7701003" xsi:nil="true" /><eInjury.03 NV="7701003" xsi:nil="true" /><eInjury.04 NV="7701003" xsi:nil="true" /><eInjury.07 NV="7701003" xsi:nil="true" /><eInjury.CollisionGroup><eInjury.SeatGroup /></eInjury.CollisionGroup></eInjury><eArrest><eArrest.01 NV="7701003" xsi:nil="true" /><eArrest.02 NV="7701003" xsi:nil="true" /><eArrest.03 NV="7701003" xsi:nil="true" /><eArrest.04 NV="7701003" xsi:nil="true" /><eArrest.05 NV="7701003" xsi:nil="true" /><eArrest.07 NV="7701003" xsi:nil="true" /><eArrest.09 NV="7701003" xsi:nil="true" /><eArrest.10 NV="7701003" xsi:nil="true" /><eArrest.11 NV="7701003" xsi:nil="true" /><eArrest.12 NV="7701003" xsi:nil="true" /><eArrest.14 xsi:nil="true" NV="7701003" /><eArrest.15 xsi:nil="true" NV="7701003" /><eArrest.16 NV="7701003" xsi:nil="true" /><eArrest.17 NV="7701003" xsi:nil="true" /><eArrest.18 NV="7701003" xsi:nil="true" /></eArrest><eHistory><eHistory.01>3101009</eHistory.01><eHistory.05>3105005</eHistory.05><eHistory.06 xsi:nil="true" PN="8801013" /><eHistory.07>160244002</eHistory.07><eHistory.08 NV="7701003" xsi:nil="true" /><eHistory.ImmunizationsGroup /><eHistory.CurrentMedsGroup><eHistory.12 xsi:nil="true" PN="8801015" /></eHistory.CurrentMedsGroup><eHistory.17 NV="7701003" xsi:nil="true" /></eHistory><eNarrative></eNarrative><eVitals><eVitals.VitalGroup><eVitals.01>2015-04-22T19:15:08-05:00</eVitals.01><eVitals.02 NV="7701003" xsi:nil="true" /><eVitals.CardiacRhythmGroup><eVitals.03 NV="7701003" xsi:nil="true" /><eVitals.04 NV="7701003" xsi:nil="true" /><eVitals.05 NV="7701003" xsi:nil="true" /></eVitals.CardiacRhythmGroup><eVitals.BloodPressureGroup><eVitals.06>144</eVitals.06><eVitals.07>74</eVitals.07><eVitals.08>3308005</eVitals.08></eVitals.BloodPressureGroup><eVitals.HeartRateGroup><eVitals.10>105</eVitals.10></eVitals.HeartRateGroup><eVitals.12 xsi:nil="true" NV="7701003" /><eVitals.14>16</eVitals.14><eVitals.15>3315007</eVitals.15><eVitals.16 xsi:nil="true" NV="7701003" /><eVitals.17 xsi:nil="true" NV="7701003" /><eVitals.18>103</eVitals.18><eVitals.GlasgowScoreGroup><eVitals.19>4</eVitals.19><eVitals.20>4</eVitals.20><eVitals.21>5</eVitals.21><eVitals.22>3322003</eVitals.22><eVitals.23>13</eVitals.23></eVitals.GlasgowScoreGroup><eVitals.TemperatureGroup><eVitals.24 xsi:nil="true" NV="7701003" /></eVitals.TemperatureGroup><eVitals.26>3326001</eVitals.26><eVitals.PainScaleGroup><eVitals.27 xsi:nil="true" NV="7701003" /><eVitals.28 NV="7701003" xsi:nil="true" /></eVitals.PainScaleGroup><eVitals.StrokeScaleGroup><eVitals.29 NV="7701003" xsi:nil="true" /><eVitals.30 NV="7701003" xsi:nil="true" /></eVitals.StrokeScaleGroup><eVitals.31 NV="7701003" xsi:nil="true" /></eVitals.VitalGroup></eVitals><eExam><eExam.01>83.9</eExam.01><eExam.02 NV="7701003" xsi:nil="true" /></eExam><eProtocols><eProtocols.ProtocolGroup><eProtocols.01>9914141</eProtocols.01><eProtocols.02>3602001</eProtocols.02></eProtocols.ProtocolGroup></eProtocols><eMedications><eMedications.MedicationGroup><eMedications.01 xsi:nil="true" NV="7701003" /><eMedications.02 NV="7701003" xsi:nil="true" /><eMedications.03 NV="7701003" xsi:nil="true" /><eMedications.DosageGroup><eMedications.05 xsi:nil="true" NV="7701003" /><eMedications.06 NV="7701003" xsi:nil="true" /></eMedications.DosageGroup><eMedications.07 NV="7701003" xsi:nil="true" /><eMedications.08 NV="7701003" xsi:nil="true" /><eMedications.09 NV="7701003" xsi:nil="true" /><eMedications.10 NV="7701003" xsi:nil="true" /></eMedications.MedicationGroup></eMedications><eProcedures><eProcedures.ProcedureGroup><eProcedures.01 xsi:nil="true" NV="7701003" /><eProcedures.02 NV="7701003" xsi:nil="true" /><eProcedures.03 NV="7701003" xsi:nil="true" /><eProcedures.05 xsi:nil="true" NV="7701003" /><eProcedures.06 NV="7701003" xsi:nil="true" /><eProcedures.07 NV="7701003" xsi:nil="true" /><eProcedures.08 NV="7701003" xsi:nil="true" /><eProcedures.10 NV="7701003" xsi:nil="true" /><eProcedures.13 NV="7701003" xsi:nil="true" /></eProcedures.ProcedureGroup></eProcedures><eDisposition><eDisposition.DestinationGroup><eDisposition.01>u{2sQ11]QO?{=g2?V_ujSxXNTAr^WONMYe9{AQlTvRR|q_xewmVR]fYzSbO?&lt;P520oRV^4|4pQr0VYZrG=dhwznp;&lt;X]2\GULP{1</eDisposition.01><eDisposition.02 xsi:nil="true" NV="7701003" /><eDisposition.03>1672 Gristmill Parish</eDisposition.03><eDisposition.04>17741</eDisposition.04><eDisposition.05>48</eDisposition.05><eDisposition.06>81802</eDisposition.06><eDisposition.07>49070</eDisposition.07></eDisposition.DestinationGroup><eDisposition.11>1</eDisposition.11><eDisposition.12>4212033</eDisposition.12><eDisposition.13>9909013</eDisposition.13><eDisposition.14>4214015</eDisposition.14><eDisposition.15>9909013</eDisposition.15><eDisposition.16>4216005</eDisposition.16><eDisposition.17>4217005</eDisposition.17><eDisposition.18>4218015</eDisposition.18><eDisposition.19>9916001</eDisposition.19><eDisposition.20>4220001</eDisposition.20><eDisposition.21>4221003</eDisposition.21><eDisposition.22 NV="7701003" xsi:nil="true" /><eDisposition.23>9908007</eDisposition.23><eDisposition.HospitalTeamActivationGroup><eDisposition.24 NV="7701003" xsi:nil="true" /><eDisposition.25 xsi:nil="true" NV="7701003" /></eDisposition.HospitalTeamActivationGroup></eDisposition><eOutcome><eOutcome.01 NV="7701003" xsi:nil="true" /><eOutcome.02 NV="7701003" xsi:nil="true" /><eOutcome.ExternalDataGroup /></eOutcome><eOther><eOther.EMSCrewMemberGroup><eOther.05 NV="7701003" xsi:nil="true" /><eOther.06 NV="7701003" xsi:nil="true" /></eOther.EMSCrewMemberGroup><eOther.08>CG@Ux1tM3]7Oz||</eOther.08><eOther.SignatureGroup><eOther.12>4512005</eOther.12><eOther.13>4513007</eOther.13><eOther.14>4514029</eOther.14><eOther.15>4515017</eOther.15><eOther.19>2015-04-22T19:38:08-05:00</eOther.19><eOther.20>Bernich</eOther.20><eOther.21>Joani</eOther.21></eOther.SignatureGroup><eOther.SignatureGroup><eOther.12>4512003</eOther.12><eOther.13>4513019</eOther.13><eOther.14>4514035</eOther.14><eOther.15>4515017</eOther.15><eOther.19>2015-04-22T19:41:08-05:00</eOther.19><eOther.20>Korn</eOther.20><eOther.21>Wayne</eOther.21></eOther.SignatureGroup></eOther></PatientCareReport></Header></EMSDataSet>