<EMSDataSet xmlns="http://www.nemsis.org" xmlns:xsi="http://www.w3.org/2001/XMLSchema-instance" xmlns:schemaLocation="http://www.nemsis.org http://nemsis.org/media/XSD_v3/_nemsis_v3.3.4/3.3.4.140328/XSDs/NEMSIS_XSDs_v3.3.4.140328/EMSDataSet_v3.xsd"><Header><DemographicGroup><dAgency.01>5043</dAgency.01><dAgency.02>5043</dAgency.02><dAgency.04>31</dAgency.04></DemographicGroup><PatientCareReport><eRecord><eRecord.01>}h&gt;1@=[dTAq=s7QK]ULUwcs9ve5;GEel</eRecord.01><eRecord.SoftwareApplicationGroup><eRecord.02>ZOLL</eRecord.02><eRecord.03>ePCR</eRecord.03><eRecord.04>1.0</eRecord.04></eRecord.SoftwareApplicationGroup></eRecord><eResponse><eResponse.AgencyGroup><eResponse.01>0JV7QEenl9vmJj3</eResponse.01><eResponse.02>d&gt;yLWsk7Is49X7PL?Y5=X_JxHm[gmk5m&lt;aN{Lw&gt;vBC&lt;BM;&lt;fKjgDD\X5q04gH4G\nD{ugR0EK=xER7Z&lt;arK24oX]8H9KsT]&gt;y^R8</eResponse.02></eResponse.AgencyGroup><eResponse.03>0017529</eResponse.03><eResponse.04>0017529</eResponse.04><eResponse.ServiceGroup><eResponse.05>2205001</eResponse.05></eResponse.ServiceGroup><eResponse.07>2207003</eResponse.07><eResponse.08>2208013</eResponse.08><eResponse.09>2209011</eResponse.09><eResponse.10 NV="7701003" xsi:nil="true" /><eResponse.11 NV="7701003" xsi:nil="true" /><eResponse.12 NV="7701003" xsi:nil="true" /><eResponse.13>&gt;E}wjQv7bCajTu6SgDX}jMlNH</eResponse.13><eResponse.14>bPt]jIrcR{KrQF`vQyseMu{N9Te5SKoW_^701Wvwl61xi_E|u6</eResponse.14><eResponse.15>2215013</eResponse.15><eResponse.23>2223001</eResponse.23><eResponse.24>2224015</eResponse.24></eResponse><eDispatch><eDispatch.01>2301051</eDispatch.01><eDispatch.02>2302003</eDispatch.02></eDispatch><eCrew><eCrew.CrewGroup><eCrew.01>3689</eCrew.01><eCrew.02>9925019</eCrew.02><eCrew.03>2403013</eCrew.03></eCrew.CrewGroup><eCrew.CrewGroup><eCrew.01>3073</eCrew.01><eCrew.02>9925019</eCrew.02><eCrew.03>2403003</eCrew.03></eCrew.CrewGroup></eCrew><eTimes><eTimes.01 xsi:nil="true" NV="7701003" /><eTimes.02>2015-04-22T20:54:35-05:00</eTimes.02><eTimes.03>2015-04-22T20:56:11-05:00</eTimes.03><eTimes.05>2015-04-22T20:56:15-05:00</eTimes.05><eTimes.06 xsi:nil="true" NV="7701003" /><eTimes.07 xsi:nil="true" NV="7701003" /><eTimes.08 xsi:nil="true" NV="7701003" /><eTimes.09 xsi:nil="true" NV="7701003" /><eTimes.11 xsi:nil="true" NV="7701003" /><eTimes.12 xsi:nil="true" NV="7701003" /><eTimes.13>2015-04-22T20:56:24-05:00</eTimes.13></eTimes><ePatient><ePatient.PatientNameGroup><ePatient.02 xsi:nil="true" NV="7701003" /><ePatient.03 xsi:nil="true" NV="7701003" /></ePatient.PatientNameGroup><ePatient.07 xsi:nil="true" NV="7701003" /><ePatient.08 xsi:nil="true" NV="7701003" /><ePatient.09 xsi:nil="true" NV="7701003" /><ePatient.13 NV="7701003" xsi:nil="true" /><ePatient.14 NV="7701003" xsi:nil="true" /><ePatient.AgeGroup><ePatient.15 xsi:nil="true" NV="7701003" /><ePatient.16 NV="7701003" xsi:nil="true" /></ePatient.AgeGroup><ePatient.17 xsi:nil="true" NV="7701003" /></ePatient><ePayment><ePayment.01 NV="7701003" xsi:nil="true" /><ePayment.CertificateGroup /><ePayment.ClosestRelativeGroup /><ePayment.EmployerGroup /><ePayment.50 NV="7701003" xsi:nil="true" /></ePayment><eScene><eScene.01 NV="7701003" xsi:nil="true" /><eScene.06 NV="7701003" xsi:nil="true" /><eScene.07>9923001</eScene.07><eScene.08 NV="7701003" xsi:nil="true" /><eScene.09 NV="7701003" xsi:nil="true" /><eScene.10 NV="7701003" xsi:nil="true" /><eScene.14 NV="7701003" xsi:nil="true" /><eScene.15>3261 Grogan Rd</eScene.15><eScene.16 xsi:nil="true" NV="7701003" /><eScene.17>91243</eScene.17><eScene.18>39</eScene.18><eScene.19>94632</eScene.19><eScene.20 xsi:nil="true" NV="7701003" /><eScene.21>78265</eScene.21><eScene.22>US</eScene.22></eScene><eSituation><eSituation.01 xsi:nil="true" NV="7701003" /><eSituation.02 NV="7701003" xsi:nil="true" /><eSituation.07 NV="7701003" xsi:nil="true" /><eSituation.08 NV="7701003" xsi:nil="true" /><eSituation.09 NV="7701003" xsi:nil="true" /><eSituation.10 NV="7701003" xsi:nil="true" /><eSituation.11 NV="7701003" xsi:nil="true" /><eSituation.12 NV="7701003" xsi:nil="true" /><eSituation.13 NV="7701003" xsi:nil="true" /><eSituation.WorkRelatedGroup><eSituation.14 NV="7701003" xsi:nil="true" /></eSituation.WorkRelatedGroup><eSituation.17 NV="7701003" xsi:nil="true" /></eSituation><eInjury><eInjury.01 NV="7701003" xsi:nil="true" /><eInjury.02 NV="7701003" xsi:nil="true" /><eInjury.03 NV="7701003" xsi:nil="true" /><eInjury.04 NV="7701003" xsi:nil="true" /><eInjury.07 NV="7701003" xsi:nil="true" /><eInjury.CollisionGroup><eInjury.SeatGroup /></eInjury.CollisionGroup></eInjury><eArrest><eArrest.01 NV="7701003" xsi:nil="true" /><eArrest.02 NV="7701003" xsi:nil="true" /><eArrest.03 NV="7701003" xsi:nil="true" /><eArrest.04 NV="7701003" xsi:nil="true" /><eArrest.05 NV="7701003" xsi:nil="true" /><eArrest.07 NV="7701003" xsi:nil="true" /><eArrest.09 NV="7701003" xsi:nil="true" /><eArrest.10 NV="7701003" xsi:nil="true" /><eArrest.11 NV="7701003" xsi:nil="true" /><eArrest.12 NV="7701003" xsi:nil="true" /><eArrest.14 xsi:nil="true" NV="7701003" /><eArrest.15 xsi:nil="true" NV="7701003" /><eArrest.16 NV="7701003" xsi:nil="true" /><eArrest.17 NV="7701003" xsi:nil="true" /><eArrest.18 NV="7701003" xsi:nil="true" /></eArrest><eHistory><eHistory.01 NV="7701003" xsi:nil="true" /><eHistory.05 NV="7701003" xsi:nil="true" /><eHistory.06 NV="7701003" xsi:nil="true" /><eHistory.08 NV="7701003" xsi:nil="true" /><eHistory.ImmunizationsGroup /><eHistory.17 NV="7701003" xsi:nil="true" /></eHistory><eNarrative></eNarrative><eVitals><eVitals.VitalGroup><eVitals.01 xsi:nil="true" NV="7701003" /><eVitals.02 NV="7701003" xsi:nil="true" /><eVitals.CardiacRhythmGroup><eVitals.03 NV="7701003" xsi:nil="true" /><eVitals.04 NV="7701003" xsi:nil="true" /><eVitals.05 NV="7701003" xsi:nil="true" /></eVitals.CardiacRhythmGroup><eVitals.BloodPressureGroup><eVitals.06 xsi:nil="true" NV="7701003" /><eVitals.07 xsi:nil="true" NV="7701003" /><eVitals.08 NV="7701003" xsi:nil="true" /></eVitals.BloodPressureGroup><eVitals.HeartRateGroup><eVitals.10 xsi:nil="true" NV="7701003" /></eVitals.HeartRateGroup><eVitals.12 xsi:nil="true" NV="7701003" /><eVitals.14 xsi:nil="true" NV="7701003" /><eVitals.16 xsi:nil="true" NV="7701003" /><eVitals.17 xsi:nil="true" NV="7701003" /><eVitals.18 xsi:nil="true" NV="7701003" /><eVitals.GlasgowScoreGroup><eVitals.19 NV="7701003" xsi:nil="true" /><eVitals.20 NV="7701003" xsi:nil="true" /><eVitals.21 NV="7701003" xsi:nil="true" /><eVitals.22 NV="7701003" xsi:nil="true" /><eVitals.23 xsi:nil="true" NV="7701003" /></eVitals.GlasgowScoreGroup><eVitals.TemperatureGroup><eVitals.24 xsi:nil="true" NV="7701003" /></eVitals.TemperatureGroup><eVitals.26 NV="7701003" xsi:nil="true" /><eVitals.PainScaleGroup><eVitals.27 xsi:nil="true" NV="7701003" /><eVitals.28 NV="7701003" xsi:nil="true" /></eVitals.PainScaleGroup><eVitals.StrokeScaleGroup><eVitals.29 NV="7701003" xsi:nil="true" /><eVitals.30 NV="7701003" xsi:nil="true" /></eVitals.StrokeScaleGroup><eVitals.31 NV="7701003" xsi:nil="true" /></eVitals.VitalGroup></eVitals><eProtocols><eProtocols.ProtocolGroup><eProtocols.01 NV="7701003" xsi:nil="true" /><eProtocols.02 NV="7701003" xsi:nil="true" /></eProtocols.ProtocolGroup></eProtocols><eMedications><eMedications.MedicationGroup><eMedications.01 xsi:nil="true" NV="7701003" /><eMedications.02 NV="7701003" xsi:nil="true" /><eMedications.03 NV="7701003" xsi:nil="true" /><eMedications.DosageGroup><eMedications.05 xsi:nil="true" NV="7701003" /><eMedications.06 NV="7701003" xsi:nil="true" /></eMedications.DosageGroup><eMedications.07 NV="7701003" xsi:nil="true" /><eMedications.08 NV="7701003" xsi:nil="true" /><eMedications.09 NV="7701003" xsi:nil="true" /><eMedications.10 NV="7701003" xsi:nil="true" /></eMedications.MedicationGroup></eMedications><eProcedures><eProcedures.ProcedureGroup><eProcedures.01 xsi:nil="true" NV="7701003" /><eProcedures.02 NV="7701003" xsi:nil="true" /><eProcedures.03 NV="7701003" xsi:nil="true" /><eProcedures.05 xsi:nil="true" NV="7701003" /><eProcedures.06 NV="7701003" xsi:nil="true" /><eProcedures.07 NV="7701003" xsi:nil="true" /><eProcedures.08 NV="7701003" xsi:nil="true" /><eProcedures.10 NV="7701003" xsi:nil="true" /><eProcedures.13 NV="7701003" xsi:nil="true" /></eProcedures.ProcedureGroup></eProcedures><eDisposition><eDisposition.DestinationGroup><eDisposition.01 xsi:nil="true" NV="7701003" /><eDisposition.02 NV="7701003" xsi:nil="true" /><eDisposition.05 xsi:nil="true" NV="7701003" /><eDisposition.06 xsi:nil="true" NV="7701003" /><eDisposition.07 xsi:nil="true" NV="7701003" /></eDisposition.DestinationGroup><eDisposition.11 xsi:nil="true" NV="7701003" /><eDisposition.12>4212007</eDisposition.12><eDisposition.16 NV="7701003" xsi:nil="true" /><eDisposition.17 NV="7701003" xsi:nil="true" /><eDisposition.18 NV="7701003" xsi:nil="true" /><eDisposition.19 NV="7701003" xsi:nil="true" /><eDisposition.20 NV="7701003" xsi:nil="true" /><eDisposition.21 NV="7701003" xsi:nil="true" /><eDisposition.22 NV="7701003" xsi:nil="true" /><eDisposition.23 NV="7701003" xsi:nil="true" /><eDisposition.HospitalTeamActivationGroup><eDisposition.24 NV="7701003" xsi:nil="true" /><eDisposition.25 xsi:nil="true" NV="7701003" /></eDisposition.HospitalTeamActivationGroup></eDisposition><eOutcome><eOutcome.01 NV="7701003" xsi:nil="true" /><eOutcome.02 NV="7701003" xsi:nil="true" /><eOutcome.ExternalDataGroup /></eOutcome><eOther><eOther.EMSCrewMemberGroup><eOther.05 NV="7701003" xsi:nil="true" /><eOther.06 NV="7701003" xsi:nil="true" /></eOther.EMSCrewMemberGroup><eOther.08>SVSEbl@6&lt;rBq&gt;`u</eOther.08><eOther.SignatureGroup></eOther.SignatureGroup></eOther></PatientCareReport></Header></EMSDataSet>