<EMSDataSet xmlns="http://www.nemsis.org" xmlns:xsi="http://www.w3.org/2001/XMLSchema-instance" xmlns:schemaLocation="http://www.nemsis.org http://nemsis.org/media/XSD_v3/_nemsis_v3.3.4/3.3.4.140328/XSDs/NEMSIS_XSDs_v3.3.4.140328/EMSDataSet_v3.xsd"><Header><DemographicGroup><dAgency.01>5043</dAgency.01><dAgency.02>5043</dAgency.02><dAgency.04>31</dAgency.04></DemographicGroup><PatientCareReport><eRecord><eRecord.01>:o3|wADgxksOIz@LKPz3W|bsUP1:N;`o</eRecord.01><eRecord.SoftwareApplicationGroup><eRecord.02>ZOLL</eRecord.02><eRecord.03>ePCR</eRecord.03><eRecord.04>1.0</eRecord.04></eRecord.SoftwareApplicationGroup></eRecord><eResponse><eResponse.AgencyGroup><eResponse.01>HW=rcpEBoi^hjJi</eResponse.01><eResponse.02>vncDs?kP&lt;&lt;=VW?9Im:36plLgY:hAkNx9;d9Iitj_[71eUIl2eOo^fCw9RyiiUYbkB3Kp6n]vMQXhkeA?LeZK]IQvk0um;192SCRQ</eResponse.02></eResponse.AgencyGroup><eResponse.03>0009535</eResponse.03><eResponse.04>0009535</eResponse.04><eResponse.ServiceGroup><eResponse.05>2205001</eResponse.05></eResponse.ServiceGroup><eResponse.07>2207003</eResponse.07><eResponse.08>2208013</eResponse.08><eResponse.09>2209011</eResponse.09><eResponse.10 NV="7701003" xsi:nil="true" /><eResponse.11 NV="7701003" xsi:nil="true" /><eResponse.12 NV="7701003" xsi:nil="true" /><eResponse.13>|yzupvADh&gt;LjhYMn|F&gt;v`S56w</eResponse.13><eResponse.14>mjKGVEWBmAPicYd8&lt;&gt;\a:5`bI3&lt;5YoXtt{2&lt;szAvsXxH{5IjXn</eResponse.14><eResponse.15>2215013</eResponse.15><eResponse.20>198430</eResponse.20><eResponse.21>198434</eResponse.21><eResponse.23>2223001</eResponse.23><eResponse.24>2224015</eResponse.24></eResponse><eDispatch><eDispatch.01>2301033</eDispatch.01><eDispatch.02>2302003</eDispatch.02></eDispatch><eCrew><eCrew.CrewGroup><eCrew.01>4125</eCrew.01><eCrew.02>9925019</eCrew.02><eCrew.03>2403013</eCrew.03></eCrew.CrewGroup><eCrew.CrewGroup><eCrew.01>4160</eCrew.01><eCrew.02>9925019</eCrew.02><eCrew.03>2403003</eCrew.03><eCrew.03>2403009</eCrew.03></eCrew.CrewGroup></eCrew><eTimes><eTimes.01 xsi:nil="true" NV="7701003" /><eTimes.02>2015-03-04T16:54:13-06:00</eTimes.02><eTimes.03>2015-03-04T16:54:19-06:00</eTimes.03><eTimes.05>2015-03-04T16:55:18-06:00</eTimes.05><eTimes.06>2015-03-04T17:01:43-06:00</eTimes.06><eTimes.07>2015-03-04T17:02:00-06:00</eTimes.07><eTimes.08 xsi:nil="true" NV="7701003" /><eTimes.09>2015-03-04T17:15:09-06:00</eTimes.09><eTimes.11>2015-03-04T17:23:17-06:00</eTimes.11><eTimes.12>2015-03-04T17:25:00-06:00</eTimes.12><eTimes.13>2015-03-15T11:46:40-06:00</eTimes.13></eTimes><ePatient><ePatient.PatientNameGroup><ePatient.02>Kissling</ePatient.02><ePatient.03>Elayne</ePatient.03></ePatient.PatientNameGroup><ePatient.05>5009 Guyton St</ePatient.05><ePatient.06>79928</ePatient.06><ePatient.07>74928</ePatient.07><ePatient.08>08</ePatient.08><ePatient.09>73529</ePatient.09><ePatient.13>9906003</ePatient.13><ePatient.14>2514011</ePatient.14><ePatient.AgeGroup><ePatient.15>71</ePatient.15><ePatient.16>2516009</ePatient.16></ePatient.AgeGroup><ePatient.17>2010-05-04</ePatient.17></ePatient><ePayment><ePayment.01 NV="7701003" xsi:nil="true" /><ePayment.CertificateGroup /><ePayment.ClosestRelativeGroup /><ePayment.EmployerGroup /><ePayment.50 NV="7701003" xsi:nil="true" /></ePayment><eScene><eScene.01>9923001</eScene.01><eScene.06>2707005</eScene.06><eScene.07>9923001</eScene.07><eScene.08 NV="7701003" xsi:nil="true" /><eScene.09>Y92.01</eScene.09><eScene.10 NV="7701003" xsi:nil="true" /><eScene.14 NV="7701003" xsi:nil="true" /><eScene.15>4364 Lucille Rd</eScene.15><eScene.16 xsi:nil="true" NV="7701003" /><eScene.17>97767</eScene.17><eScene.18>39</eScene.18><eScene.19>58611</eScene.19><eScene.20 xsi:nil="true" NV="7701003" /><eScene.21>87383</eScene.21><eScene.22>US</eScene.22></eScene><eSituation><eSituation.01>2015-03-04T16:30:16-06:00</eSituation.01><eSituation.02 NV="7701003" xsi:nil="true" /><eSituation.PatientComplaintGroup><eSituation.03>2803001</eSituation.03><eSituation.04>Weakness</eSituation.04><eSituation.05>1</eSituation.05><eSituation.06>2806007</eSituation.06></eSituation.PatientComplaintGroup><eSituation.07>2807011</eSituation.07><eSituation.08>2808011</eSituation.08><eSituation.09>R53.1</eSituation.09><eSituation.10>R52</eSituation.10><eSituation.11>R53.1</eSituation.11><eSituation.12>G89.1</eSituation.12><eSituation.13>2813001</eSituation.13><eSituation.WorkRelatedGroup><eSituation.14 NV="7701003" xsi:nil="true" /></eSituation.WorkRelatedGroup><eSituation.17 NV="7701003" xsi:nil="true" /></eSituation><eInjury><eInjury.01 NV="7701003" xsi:nil="true" /><eInjury.02 NV="7701003" xsi:nil="true" /><eInjury.03 NV="7701003" xsi:nil="true" /><eInjury.04 NV="7701003" xsi:nil="true" /><eInjury.07 NV="7701003" xsi:nil="true" /><eInjury.CollisionGroup><eInjury.SeatGroup /></eInjury.CollisionGroup></eInjury><eArrest><eArrest.01 NV="7701003" xsi:nil="true" /><eArrest.02 NV="7701003" xsi:nil="true" /><eArrest.03 NV="7701003" xsi:nil="true" /><eArrest.04 NV="7701003" xsi:nil="true" /><eArrest.05 NV="7701003" xsi:nil="true" /><eArrest.07 NV="7701003" xsi:nil="true" /><eArrest.09 NV="7701003" xsi:nil="true" /><eArrest.10 NV="7701003" xsi:nil="true" /><eArrest.11 NV="7701003" xsi:nil="true" /><eArrest.12 NV="7701003" xsi:nil="true" /><eArrest.14 xsi:nil="true" NV="7701003" /><eArrest.15 xsi:nil="true" NV="7701003" /><eArrest.16 NV="7701003" xsi:nil="true" /><eArrest.17 NV="7701003" xsi:nil="true" /><eArrest.18 NV="7701003" xsi:nil="true" /></eArrest><eHistory><eHistory.01>3101009</eHistory.01><eHistory.05>3105005</eHistory.05><eHistory.06 xsi:nil="true" PN="8801013" /><eHistory.07>160244002</eHistory.07><eHistory.08>J43</eHistory.08><eHistory.08>M15.0</eHistory.08><eHistory.ImmunizationsGroup /><eHistory.CurrentMedsGroup><eHistory.12>202472</eHistory.12></eHistory.CurrentMedsGroup><eHistory.CurrentMedsGroup><eHistory.12>214182</eHistory.12></eHistory.CurrentMedsGroup><eHistory.CurrentMedsGroup><eHistory.12>36567</eHistory.12></eHistory.CurrentMedsGroup><eHistory.17 NV="7701003" xsi:nil="true" /></eHistory><eNarrative></eNarrative><eVitals><eVitals.VitalGroup><eVitals.01 xsi:nil="true" NV="7701003" /><eVitals.02>9923003</eVitals.02><eVitals.CardiacRhythmGroup><eVitals.03 NV="7701003" xsi:nil="true" /><eVitals.04 NV="7701003" xsi:nil="true" /><eVitals.05 NV="7701003" xsi:nil="true" /></eVitals.CardiacRhythmGroup><eVitals.BloodPressureGroup><eVitals.06>138</eVitals.06><eVitals.07>90</eVitals.07><eVitals.08>3308007</eVitals.08></eVitals.BloodPressureGroup><eVitals.HeartRateGroup><eVitals.10>90</eVitals.10></eVitals.HeartRateGroup><eVitals.12>88</eVitals.12><eVitals.14>12</eVitals.14><eVitals.16 xsi:nil="true" NV="7701003" /><eVitals.17 xsi:nil="true" NV="7701003" /><eVitals.18>167</eVitals.18><eVitals.GlasgowScoreGroup><eVitals.19>4</eVitals.19><eVitals.20>5</eVitals.20><eVitals.21>6</eVitals.21><eVitals.22 NV="7701003" xsi:nil="true" /><eVitals.23>15</eVitals.23></eVitals.GlasgowScoreGroup><eVitals.TemperatureGroup><eVitals.24 xsi:nil="true" NV="7701003" /></eVitals.TemperatureGroup><eVitals.26 NV="7701003" xsi:nil="true" /><eVitals.PainScaleGroup><eVitals.27>4</eVitals.27><eVitals.28 NV="7701003" xsi:nil="true" /></eVitals.PainScaleGroup><eVitals.StrokeScaleGroup><eVitals.29 NV="7701003" xsi:nil="true" /><eVitals.30 NV="7701003" xsi:nil="true" /></eVitals.StrokeScaleGroup><eVitals.31 NV="7701003" xsi:nil="true" /></eVitals.VitalGroup></eVitals><eExam><eExam.01>115.7</eExam.01><eExam.02 NV="7701003" xsi:nil="true" /></eExam><eProtocols><eProtocols.ProtocolGroup><eProtocols.01>9914165</eProtocols.01><eProtocols.02>3602003</eProtocols.02></eProtocols.ProtocolGroup></eProtocols><eMedications><eMedications.MedicationGroup><eMedications.01>2015-03-04T17:03:00-06:00</eMedications.01><eMedications.02>9923001</eMedications.02><eMedications.03>7806</eMedications.03><eMedications.04>9927025</eMedications.04><eMedications.DosageGroup><eMedications.05>4</eMedications.05><eMedications.06 xsi:nil="true" NV="7701003" /></eMedications.DosageGroup><eMedications.07>9916001</eMedications.07><eMedications.08>3708033</eMedications.08><eMedications.09>4125</eMedications.09><eMedications.10>9905013</eMedications.10></eMedications.MedicationGroup></eMedications><eProcedures><eProcedures.ProcedureGroup><eProcedures.01 xsi:nil="true" NV="7701003" /><eProcedures.02 NV="7701003" xsi:nil="true" /><eProcedures.03 NV="7701003" xsi:nil="true" /><eProcedures.05 xsi:nil="true" NV="7701003" /><eProcedures.06 NV="7701003" xsi:nil="true" /><eProcedures.07 NV="7701003" xsi:nil="true" /><eProcedures.08 NV="7701003" xsi:nil="true" /><eProcedures.09 NV="7701003" xsi:nil="true" /><eProcedures.10 NV="7701003" xsi:nil="true" /><eProcedures.13 NV="7701003" xsi:nil="true" /></eProcedures.ProcedureGroup></eProcedures><eDisposition><eDisposition.DestinationGroup><eDisposition.01>?H1&lt;|lmPoz`P@bC0[DHpc&lt;]p1hhfu{`R=QV&gt;V6A=tKo&gt;eD45&lt;Z&gt;7xZk3h?:D36YqJ=Cl&lt;4WT2;zHJO:kccZJmXXacSTFyz9no{rX</eDisposition.01><eDisposition.02>0Ew83g4m^SfI5M^NZ?4ob`8g^AY52;VM[_jNjQG5Ti3@j:A[Lh</eDisposition.02><eDisposition.03>2586 Ladds Mountain Rd</eDisposition.03><eDisposition.04>91865</eDisposition.04><eDisposition.05>02</eDisposition.05><eDisposition.06>88070</eDisposition.06><eDisposition.07>44522</eDisposition.07></eDisposition.DestinationGroup><eDisposition.11>1</eDisposition.11><eDisposition.12>4212033</eDisposition.12><eDisposition.13>9909013</eDisposition.13><eDisposition.14>4214017</eDisposition.14><eDisposition.16>4216005</eDisposition.16><eDisposition.17>4217005</eDisposition.17><eDisposition.18>4218015</eDisposition.18><eDisposition.19>9916003</eDisposition.19><eDisposition.20>4220015</eDisposition.20><eDisposition.21 NV="7701003" xsi:nil="true" /><eDisposition.22 NV="7701003" xsi:nil="true" /><eDisposition.23>9908033</eDisposition.23><eDisposition.HospitalTeamActivationGroup><eDisposition.24 NV="7701003" xsi:nil="true" /><eDisposition.25 xsi:nil="true" NV="7701003" /></eDisposition.HospitalTeamActivationGroup></eDisposition><eOutcome><eOutcome.01 NV="7701003" xsi:nil="true" /><eOutcome.02 NV="7701003" xsi:nil="true" /><eOutcome.ExternalDataGroup /></eOutcome><eOther><eOther.EMSCrewMemberGroup><eOther.05 NV="7701003" xsi:nil="true" /><eOther.06 NV="7701003" xsi:nil="true" /></eOther.EMSCrewMemberGroup><eOther.08>eWXC?zdl`:GeDgP</eOther.08><eOther.SignatureGroup><eOther.12>4512003</eOther.12><eOther.13>4513019</eOther.13><eOther.14>4514035</eOther.14><eOther.15>4515017</eOther.15><eOther.19>2015-03-04T18:33:33-06:00</eOther.19><eOther.20>Malone</eOther.20><eOther.21>Donald</eOther.21></eOther.SignatureGroup><eOther.SignatureGroup><eOther.12>4512019</eOther.12><eOther.13>4513019</eOther.13><eOther.15>4515017</eOther.15><eOther.19>2015-03-04T18:33:33-06:00</eOther.19><eOther.20>Reich</eOther.20><eOther.21>Harriet</eOther.21></eOther.SignatureGroup><eOther.SignatureGroup><eOther.12>4512005</eOther.12><eOther.13>4513007</eOther.13><eOther.14>4514029</eOther.14><eOther.15>4515017</eOther.15><eOther.19>2015-03-15T08:35:49-06:00</eOther.19><eOther.20>Halstead</eOther.20><eOther.21>Jeanine</eOther.21></eOther.SignatureGroup></eOther></PatientCareReport></Header></EMSDataSet>