<EMSDataSet xmlns="http://www.nemsis.org" xmlns:xsi="http://www.w3.org/2001/XMLSchema-instance" xmlns:schemaLocation="http://www.nemsis.org http://nemsis.org/media/XSD_v3/_nemsis_v3.3.4/3.3.4.140328/XSDs/NEMSIS_XSDs_v3.3.4.140328/EMSDataSet_v3.xsd"><Header><DemographicGroup><dAgency.01>5043</dAgency.01><dAgency.02>5043</dAgency.02><dAgency.04>31</dAgency.04></DemographicGroup><PatientCareReport><eRecord><eRecord.01>_KyyD2dB3f]olT8a8h{nL=R?q&lt;:guSk4</eRecord.01><eRecord.SoftwareApplicationGroup><eRecord.02>ZOLL</eRecord.02><eRecord.03>ePCR</eRecord.03><eRecord.04>1.0</eRecord.04></eRecord.SoftwareApplicationGroup></eRecord><eResponse><eResponse.AgencyGroup><eResponse.01>KVS^ULmQyzgiHOJ</eResponse.01><eResponse.02>;vSKfgM4Rvi87uzJ]xXTF1X&lt;jyZrOSfuRp}oR84K{Q1eiCeY|`9omx4:MF_k&lt;Xc|?rdEv;uUs=Vr}qQVD1slIu8WkrQ;VG&gt;Rl2Uu</eResponse.02></eResponse.AgencyGroup><eResponse.03>0017397</eResponse.03><eResponse.04>0017397</eResponse.04><eResponse.ServiceGroup><eResponse.05>2205001</eResponse.05></eResponse.ServiceGroup><eResponse.07>2207003</eResponse.07><eResponse.08>2208013</eResponse.08><eResponse.09>2209005</eResponse.09><eResponse.09>2209013</eResponse.09><eResponse.10 NV="7701003" xsi:nil="true" /><eResponse.11>2211011</eResponse.11><eResponse.12>2212017</eResponse.12><eResponse.13>]O`qhay_R?:Zs9W;ctbHi&lt;W3g</eResponse.13><eResponse.14>j}[}36{KYvrN14eyV4\htFLn2muN=;Qv]:|bM`O8=?IAckapzL</eResponse.14><eResponse.15>2215013</eResponse.15><eResponse.20>0.1</eResponse.20><eResponse.21>3.9</eResponse.21><eResponse.23>2223001</eResponse.23><eResponse.24>2224015</eResponse.24></eResponse><eDispatch><eDispatch.01>2301041</eDispatch.01><eDispatch.02>2302003</eDispatch.02></eDispatch><eCrew><eCrew.CrewGroup><eCrew.01>3741</eCrew.01><eCrew.02>9925019</eCrew.02><eCrew.03>2403003</eCrew.03><eCrew.03>2403009</eCrew.03></eCrew.CrewGroup><eCrew.CrewGroup><eCrew.01>3941</eCrew.01><eCrew.02>9925019</eCrew.02><eCrew.03>2403013</eCrew.03></eCrew.CrewGroup></eCrew><eTimes><eTimes.01 xsi:nil="true" NV="7701003" /><eTimes.02>2015-04-22T04:44:20-05:00</eTimes.02><eTimes.03>2015-04-22T04:47:17-05:00</eTimes.03><eTimes.05>2015-04-22T04:49:53-05:00</eTimes.05><eTimes.06>2015-04-22T05:01:48-05:00</eTimes.06><eTimes.07>2015-04-22T05:02:00-05:00</eTimes.07><eTimes.08 xsi:nil="true" NV="7701003" /><eTimes.09>2015-04-22T05:13:28-05:00</eTimes.09><eTimes.11>2015-04-22T05:20:29-05:00</eTimes.11><eTimes.12>2015-04-22T05:21:00-05:00</eTimes.12><eTimes.13>2015-04-22T05:33:56-05:00</eTimes.13></eTimes><ePatient><ePatient.PatientNameGroup><ePatient.02>Feinsilver</ePatient.02><ePatient.03>Brian</ePatient.03></ePatient.PatientNameGroup><ePatient.05>9357 Farmer Rd</ePatient.05><ePatient.06>84527</ePatient.06><ePatient.07>51159</ePatient.07><ePatient.08>35</ePatient.08><ePatient.09>79055</ePatient.09><ePatient.12>966339872</ePatient.12><ePatient.13>9906001</ePatient.13><ePatient.14>2514011</ePatient.14><ePatient.AgeGroup><ePatient.15>72</ePatient.15><ePatient.16>2516009</ePatient.16></ePatient.AgeGroup><ePatient.17>1929-03-16</ePatient.17></ePatient><ePayment><ePayment.01 NV="7701003" xsi:nil="true" /><ePayment.CertificateGroup /><ePayment.ClosestRelativeGroup /><ePayment.EmployerGroup /><ePayment.50 NV="7701003" xsi:nil="true" /></ePayment><eScene><eScene.01>9923001</eScene.01><eScene.06>2707005</eScene.06><eScene.07>9923001</eScene.07><eScene.08 NV="7701003" xsi:nil="true" /><eScene.09>Y92.01</eScene.09><eScene.10 NV="7701003" xsi:nil="true" /><eScene.14 NV="7701003" xsi:nil="true" /><eScene.15>1783 Garland No 1 Rd</eScene.15><eScene.16 xsi:nil="true" NV="7701003" /><eScene.17>52683</eScene.17><eScene.18>53</eScene.18><eScene.19>82547</eScene.19><eScene.20 xsi:nil="true" NV="7701003" /><eScene.21>90413</eScene.21><eScene.22>US</eScene.22></eScene><eSituation><eSituation.01>2015-04-22T04:30:00-05:00</eSituation.01><eSituation.02>9922001</eSituation.02><eSituation.07>2807011</eSituation.07><eSituation.08>2808003</eSituation.08><eSituation.09>Z72.89</eSituation.09><eSituation.10>Z72.89</eSituation.10><eSituation.11>F41.9</eSituation.11><eSituation.12 xsi:nil="true" NV="7701003" /><eSituation.13>2813005</eSituation.13><eSituation.WorkRelatedGroup><eSituation.14>9922005</eSituation.14></eSituation.WorkRelatedGroup><eSituation.17 NV="7701003" xsi:nil="true" /></eSituation><eInjury><eInjury.01 NV="7701003" xsi:nil="true" /><eInjury.02 NV="7701003" xsi:nil="true" /><eInjury.03 NV="7701003" xsi:nil="true" /><eInjury.04 NV="7701003" xsi:nil="true" /><eInjury.07 NV="7701003" xsi:nil="true" /><eInjury.CollisionGroup><eInjury.SeatGroup /></eInjury.CollisionGroup></eInjury><eArrest><eArrest.01 NV="7701003" xsi:nil="true" /><eArrest.02 NV="7701003" xsi:nil="true" /><eArrest.03 NV="7701003" xsi:nil="true" /><eArrest.04 NV="7701003" xsi:nil="true" /><eArrest.05 NV="7701003" xsi:nil="true" /><eArrest.07 NV="7701003" xsi:nil="true" /><eArrest.09 NV="7701003" xsi:nil="true" /><eArrest.10 NV="7701003" xsi:nil="true" /><eArrest.11 NV="7701003" xsi:nil="true" /><eArrest.12 NV="7701003" xsi:nil="true" /><eArrest.14 xsi:nil="true" NV="7701003" /><eArrest.15 xsi:nil="true" NV="7701003" /><eArrest.16 NV="7701003" xsi:nil="true" /><eArrest.17 NV="7701003" xsi:nil="true" /><eArrest.18 NV="7701003" xsi:nil="true" /></eArrest><eHistory><eHistory.01>3101009</eHistory.01><eHistory.05>3105007</eHistory.05><eHistory.06 CodeType="9924003">25480</eHistory.06><eHistory.08>I11</eHistory.08><eHistory.ImmunizationsGroup /><eHistory.CurrentMedsGroup><eHistory.12>5487</eHistory.12></eHistory.CurrentMedsGroup><eHistory.CurrentMedsGroup><eHistory.12>36567</eHistory.12></eHistory.CurrentMedsGroup><eHistory.CurrentMedsGroup><eHistory.12>10689</eHistory.12></eHistory.CurrentMedsGroup><eHistory.17 NV="7701003" xsi:nil="true" /><eHistory.18>3118001</eHistory.18></eHistory><eNarrative></eNarrative><eVitals><eVitals.VitalGroup><eVitals.01 xsi:nil="true" NV="7701003" /><eVitals.02>9923003</eVitals.02><eVitals.CardiacRhythmGroup><eVitals.03 NV="7701003" xsi:nil="true" /><eVitals.04 NV="7701003" xsi:nil="true" /><eVitals.05 NV="7701003" xsi:nil="true" /></eVitals.CardiacRhythmGroup><eVitals.BloodPressureGroup><eVitals.06>170</eVitals.06><eVitals.07>100</eVitals.07><eVitals.08>3308007</eVitals.08></eVitals.BloodPressureGroup><eVitals.HeartRateGroup><eVitals.10>100</eVitals.10></eVitals.HeartRateGroup><eVitals.12>95</eVitals.12><eVitals.14 xsi:nil="true" NV="7701003" /><eVitals.16 xsi:nil="true" NV="7701003" /><eVitals.17 xsi:nil="true" NV="7701003" /><eVitals.18 xsi:nil="true" NV="7701003" /><eVitals.GlasgowScoreGroup><eVitals.19>4</eVitals.19><eVitals.20>5</eVitals.20><eVitals.21>6</eVitals.21><eVitals.22 NV="7701003" xsi:nil="true" /><eVitals.23>15</eVitals.23></eVitals.GlasgowScoreGroup><eVitals.TemperatureGroup><eVitals.24 xsi:nil="true" NV="7701003" /></eVitals.TemperatureGroup><eVitals.26 NV="7701003" xsi:nil="true" /><eVitals.PainScaleGroup><eVitals.27 xsi:nil="true" NV="7701003" /><eVitals.28 NV="7701003" xsi:nil="true" /></eVitals.PainScaleGroup><eVitals.StrokeScaleGroup><eVitals.29 NV="7701003" xsi:nil="true" /><eVitals.30 NV="7701003" xsi:nil="true" /></eVitals.StrokeScaleGroup><eVitals.31 NV="7701003" xsi:nil="true" /></eVitals.VitalGroup></eVitals><eExam><eExam.01>63.5</eExam.01><eExam.02 NV="7701003" xsi:nil="true" /><eExam.AssessmentGroup><eExam.03>2015-04-22T05:12:00-05:00</eExam.03><eExam.AbdomenGroup /><eExam.SpineGroup /><eExam.ExtremityGroup /><eExam.EyeGroup /></eExam.AssessmentGroup></eExam><eProtocols><eProtocols.ProtocolGroup><eProtocols.01>9914075</eProtocols.01><eProtocols.02>3602001</eProtocols.02></eProtocols.ProtocolGroup></eProtocols><eMedications><eMedications.MedicationGroup><eMedications.01 xsi:nil="true" NV="7701003" /><eMedications.02 NV="7701003" xsi:nil="true" /><eMedications.03 NV="7701003" xsi:nil="true" /><eMedications.DosageGroup><eMedications.05 xsi:nil="true" NV="7701003" /><eMedications.06 NV="7701003" xsi:nil="true" /></eMedications.DosageGroup><eMedications.07 NV="7701003" xsi:nil="true" /><eMedications.08 NV="7701003" xsi:nil="true" /><eMedications.09 NV="7701003" xsi:nil="true" /><eMedications.10 NV="7701003" xsi:nil="true" /></eMedications.MedicationGroup></eMedications><eProcedures><eProcedures.ProcedureGroup><eProcedures.01>2015-04-22T05:11:00-05:00</eProcedures.01><eProcedures.02>9923001</eProcedures.02><eProcedures.03>142008000</eProcedures.03><eProcedures.05 xsi:nil="true" NV="7701003" /><eProcedures.06 NV="7701003" xsi:nil="true" /><eProcedures.07 NV="7701003" xsi:nil="true" /><eProcedures.08 NV="7701003" xsi:nil="true" /><eProcedures.09>3941</eProcedures.09><eProcedures.10>9905013</eProcedures.10><eProcedures.13 xsi:nil="true" NV="7701001" /></eProcedures.ProcedureGroup></eProcedures><eDisposition><eDisposition.DestinationGroup><eDisposition.01>{DGX1`b;w]1yjfzikvnLRTk;VU`f7:;LU;|Z^Z1yAX[{d1NRGPGX0ZuVV&lt;1Y}z4lRbT_hP;@ur:xwnUU7&gt;NdqaKxDV4QXVzESlY1</eDisposition.01><eDisposition.02 xsi:nil="true" NV="7701003" /><eDisposition.03>5471 Misty Ridge Dr</eDisposition.03><eDisposition.04>74780</eDisposition.04><eDisposition.05>50</eDisposition.05><eDisposition.06>34295</eDisposition.06><eDisposition.07>18546</eDisposition.07></eDisposition.DestinationGroup><eDisposition.11>1</eDisposition.11><eDisposition.12>4212033</eDisposition.12><eDisposition.13>9909013</eDisposition.13><eDisposition.14>4214015</eDisposition.14><eDisposition.15>9909013</eDisposition.15><eDisposition.16>4216005</eDisposition.16><eDisposition.17>4217005</eDisposition.17><eDisposition.18 NV="7701003" xsi:nil="true" /><eDisposition.19>9916003</eDisposition.19><eDisposition.20>4220015</eDisposition.20><eDisposition.21>4221003</eDisposition.21><eDisposition.22 NV="7701003" xsi:nil="true" /><eDisposition.23>9908007</eDisposition.23><eDisposition.HospitalTeamActivationGroup><eDisposition.24 NV="7701003" xsi:nil="true" /><eDisposition.25 xsi:nil="true" NV="7701003" /></eDisposition.HospitalTeamActivationGroup></eDisposition><eOutcome><eOutcome.01 NV="7701003" xsi:nil="true" /><eOutcome.02 NV="7701003" xsi:nil="true" /><eOutcome.ExternalDataGroup /></eOutcome><eOther><eOther.EMSCrewMemberGroup><eOther.05 NV="7701003" xsi:nil="true" /><eOther.06 NV="7701003" xsi:nil="true" /></eOther.EMSCrewMemberGroup><eOther.08>53[tcT[ez;;D&lt;4Q</eOther.08><eOther.SignatureGroup><eOther.12>4512015</eOther.12><eOther.13>4513019</eOther.13><eOther.14>4514043</eOther.14><eOther.15>4515031</eOther.15><eOther.19>2015-04-22T05:18:38-05:00</eOther.19><eOther.20>Shahan</eOther.20><eOther.21>Stuart</eOther.21></eOther.SignatureGroup><eOther.SignatureGroup><eOther.12>4512019</eOther.12><eOther.13>4513019</eOther.13><eOther.15>4515031</eOther.15><eOther.21>Gale</eOther.21></eOther.SignatureGroup></eOther></PatientCareReport></Header></EMSDataSet>