<EMSDataSet xmlns="http://www.nemsis.org" xmlns:xsi="http://www.w3.org/2001/XMLSchema-instance" xmlns:schemaLocation="http://www.nemsis.org http://nemsis.org/media/XSD_v3/_nemsis_v3.3.4/3.3.4.140328/XSDs/NEMSIS_XSDs_v3.3.4.140328/EMSDataSet_v3.xsd"><Header><DemographicGroup><dAgency.01>5043</dAgency.01><dAgency.02>5043</dAgency.02><dAgency.04>31</dAgency.04></DemographicGroup><PatientCareReport><eRecord><eRecord.01>L@nGm;&gt;249gonxgfB73xZxgnUTelqv:s</eRecord.01><eRecord.SoftwareApplicationGroup><eRecord.02>ZOLL</eRecord.02><eRecord.03>ePCR</eRecord.03><eRecord.04>1.0</eRecord.04></eRecord.SoftwareApplicationGroup></eRecord><eResponse><eResponse.AgencyGroup><eResponse.01>THw0u39zHnAXIbC</eResponse.01><eResponse.02>RW96=f`dRV}oHTO?&lt;}qJV1go?{6_jg&gt;TpABEhp{&lt;raUWuAoUw_4YUHjQmHt?_1xhGX}6B9UI2dVrY?w{&lt;_f:cc|XTnUOyk[pgk@L</eResponse.02></eResponse.AgencyGroup><eResponse.03>0010569</eResponse.03><eResponse.04>0010569</eResponse.04><eResponse.ServiceGroup><eResponse.05>2205001</eResponse.05></eResponse.ServiceGroup><eResponse.07>2207003</eResponse.07><eResponse.08>2208013</eResponse.08><eResponse.09>2209011</eResponse.09><eResponse.10>2210017</eResponse.10><eResponse.11 NV="7701003" xsi:nil="true" /><eResponse.12 NV="7701003" xsi:nil="true" /><eResponse.13>BhCm:iWopvu^Nw20Im4bYU`Qb</eResponse.13><eResponse.14>5ND9c:l}ZiQLv0x&lt;=e\vu12hZWxf[qj8o;5JBe=k9^r=_bPl:V</eResponse.14><eResponse.15>2215013</eResponse.15><eResponse.20>60100</eResponse.20><eResponse.21>60105</eResponse.21><eResponse.23>2223001</eResponse.23><eResponse.24>2224015</eResponse.24></eResponse><eDispatch><eDispatch.01>2301021</eDispatch.01><eDispatch.02>2302003</eDispatch.02></eDispatch><eCrew><eCrew.CrewGroup><eCrew.01>2927</eCrew.01><eCrew.02>9925019</eCrew.02><eCrew.03>2403013</eCrew.03></eCrew.CrewGroup><eCrew.CrewGroup><eCrew.01>3975</eCrew.01><eCrew.02>9925019</eCrew.02><eCrew.03>2403001</eCrew.03><eCrew.03>2403009</eCrew.03></eCrew.CrewGroup></eCrew><eTimes><eTimes.01 xsi:nil="true" NV="7701003" /><eTimes.02>2015-03-11T13:11:49-05:00</eTimes.02><eTimes.03>2015-03-11T13:11:57-05:00</eTimes.03><eTimes.05>2015-03-11T13:12:55-05:00</eTimes.05><eTimes.06>2015-03-11T13:16:00-05:00</eTimes.06><eTimes.07>2015-03-11T13:17:00-05:00</eTimes.07><eTimes.08 xsi:nil="true" NV="7701003" /><eTimes.09>2015-03-11T13:21:00-05:00</eTimes.09><eTimes.11>2015-03-11T13:35:00-05:00</eTimes.11><eTimes.12>2015-03-11T13:35:45-05:00</eTimes.12><eTimes.13>2015-03-11T13:57:16-05:00</eTimes.13></eTimes><ePatient><ePatient.PatientNameGroup><ePatient.02>Harmon</ePatient.02><ePatient.03>Ray</ePatient.03></ePatient.PatientNameGroup><ePatient.05>484 Ingram Rd</ePatient.05><ePatient.06>77494</ePatient.06><ePatient.07>14782</ePatient.07><ePatient.08>20</ePatient.08><ePatient.09>58157</ePatient.09><ePatient.10>MX</ePatient.10><ePatient.12>228676897</ePatient.12><ePatient.13>9906003</ePatient.13><ePatient.14>2514005</ePatient.14><ePatient.AgeGroup><ePatient.15>29</ePatient.15><ePatient.16>2516009</ePatient.16></ePatient.AgeGroup><ePatient.17>1924-01-12</ePatient.17></ePatient><ePayment><ePayment.01 NV="7701003" xsi:nil="true" /><ePayment.CertificateGroup /><ePayment.ClosestRelativeGroup /><ePayment.EmployerGroup /><ePayment.50 NV="7701003" xsi:nil="true" /></ePayment><eScene><eScene.01>9923001</eScene.01><eScene.06>2707005</eScene.06><eScene.07>9923001</eScene.07><eScene.08 NV="7701003" xsi:nil="true" /><eScene.09>Y92.01</eScene.09><eScene.10 NV="7701003" xsi:nil="true" /><eScene.14 NV="7701003" xsi:nil="true" /><eScene.15>7103 Wisteria Trl</eScene.15><eScene.16 xsi:nil="true" NV="7701003" /><eScene.17>38786</eScene.17><eScene.18>30</eScene.18><eScene.19>78200</eScene.19><eScene.20 xsi:nil="true" NV="7701003" /><eScene.21>94574</eScene.21><eScene.22>US</eScene.22></eScene><eSituation><eSituation.01>2015-03-10T00:00:00-05:00</eSituation.01><eSituation.02 NV="7701003" xsi:nil="true" /><eSituation.PatientComplaintGroup><eSituation.03>2803001</eSituation.03><eSituation.04>Breathing Problem</eSituation.04><eSituation.05>30</eSituation.05><eSituation.06>2806003</eSituation.06></eSituation.PatientComplaintGroup><eSituation.07>2807005</eSituation.07><eSituation.08>2808003</eSituation.08><eSituation.09>R06.00</eSituation.09><eSituation.10>Z72.89</eSituation.10><eSituation.11>R07.9</eSituation.11><eSituation.12 xsi:nil="true" NV="7701003" /><eSituation.13>2813001</eSituation.13><eSituation.WorkRelatedGroup><eSituation.14 NV="7701003" xsi:nil="true" /></eSituation.WorkRelatedGroup><eSituation.17 NV="7701003" xsi:nil="true" /></eSituation><eInjury><eInjury.01 NV="7701003" xsi:nil="true" /><eInjury.02 NV="7701003" xsi:nil="true" /><eInjury.03 NV="7701003" xsi:nil="true" /><eInjury.04 NV="7701003" xsi:nil="true" /><eInjury.07 NV="7701003" xsi:nil="true" /><eInjury.CollisionGroup><eInjury.SeatGroup /></eInjury.CollisionGroup></eInjury><eArrest><eArrest.01 NV="7701003" xsi:nil="true" /><eArrest.02 NV="7701003" xsi:nil="true" /><eArrest.03 NV="7701003" xsi:nil="true" /><eArrest.04 NV="7701003" xsi:nil="true" /><eArrest.05 NV="7701003" xsi:nil="true" /><eArrest.07 NV="7701003" xsi:nil="true" /><eArrest.09 NV="7701003" xsi:nil="true" /><eArrest.10 NV="7701003" xsi:nil="true" /><eArrest.11 NV="7701003" xsi:nil="true" /><eArrest.12 NV="7701003" xsi:nil="true" /><eArrest.14 xsi:nil="true" NV="7701003" /><eArrest.15 xsi:nil="true" NV="7701003" /><eArrest.16 NV="7701003" xsi:nil="true" /><eArrest.17 NV="7701003" xsi:nil="true" /><eArrest.18 NV="7701003" xsi:nil="true" /></eArrest><eHistory><eHistory.01>3101009</eHistory.01><eHistory.05>3105007</eHistory.05><eHistory.06 CodeType="9924003">70618</eHistory.06><eHistory.08 NV="7701003" xsi:nil="true" /><eHistory.ImmunizationsGroup /><eHistory.17 NV="7701003" xsi:nil="true" /></eHistory><eNarrative></eNarrative><eVitals><eVitals.VitalGroup><eVitals.01>2015-03-11T13:18:14-05:00</eVitals.01><eVitals.02 NV="7701003" xsi:nil="true" /><eVitals.CardiacRhythmGroup><eVitals.03 NV="7701003" xsi:nil="true" /><eVitals.04 NV="7701003" xsi:nil="true" /><eVitals.05 NV="7701003" xsi:nil="true" /></eVitals.CardiacRhythmGroup><eVitals.BloodPressureGroup><eVitals.06>172</eVitals.06><eVitals.07>116</eVitals.07><eVitals.08>3308007</eVitals.08></eVitals.BloodPressureGroup><eVitals.HeartRateGroup><eVitals.10>120</eVitals.10></eVitals.HeartRateGroup><eVitals.12 xsi:nil="true" NV="7701003" /><eVitals.14>16</eVitals.14><eVitals.16 xsi:nil="true" NV="7701003" /><eVitals.17 xsi:nil="true" NV="7701003" /><eVitals.18 xsi:nil="true" NV="7701003" /><eVitals.GlasgowScoreGroup><eVitals.19>4</eVitals.19><eVitals.20>5</eVitals.20><eVitals.21>6</eVitals.21><eVitals.22 NV="7701003" xsi:nil="true" /><eVitals.23>15</eVitals.23></eVitals.GlasgowScoreGroup><eVitals.TemperatureGroup><eVitals.24 xsi:nil="true" NV="7701003" /></eVitals.TemperatureGroup><eVitals.26 NV="7701003" xsi:nil="true" /><eVitals.PainScaleGroup><eVitals.27 xsi:nil="true" NV="7701003" /><eVitals.28 NV="7701003" xsi:nil="true" /></eVitals.PainScaleGroup><eVitals.StrokeScaleGroup><eVitals.29 NV="7701003" xsi:nil="true" /><eVitals.30 NV="7701003" xsi:nil="true" /></eVitals.StrokeScaleGroup><eVitals.31 NV="7701003" xsi:nil="true" /></eVitals.VitalGroup></eVitals><eExam><eExam.01>104.3</eExam.01><eExam.02 NV="7701003" xsi:nil="true" /></eExam><eProtocols><eProtocols.ProtocolGroup><eProtocols.01>9914001</eProtocols.01><eProtocols.02>3602001</eProtocols.02></eProtocols.ProtocolGroup></eProtocols><eMedications><eMedications.MedicationGroup><eMedications.01 xsi:nil="true" NV="7701003" /><eMedications.02 NV="7701003" xsi:nil="true" /><eMedications.03 NV="7701003" xsi:nil="true" /><eMedications.DosageGroup><eMedications.05 xsi:nil="true" NV="7701003" /><eMedications.06 NV="7701003" xsi:nil="true" /></eMedications.DosageGroup><eMedications.07 NV="7701003" xsi:nil="true" /><eMedications.08 NV="7701003" xsi:nil="true" /><eMedications.09 NV="7701003" xsi:nil="true" /><eMedications.10 NV="7701003" xsi:nil="true" /></eMedications.MedicationGroup></eMedications><eProcedures><eProcedures.ProcedureGroup><eProcedures.01>2015-03-11T13:20:00-05:00</eProcedures.01><eProcedures.02>9923001</eProcedures.02><eProcedures.03>142008000</eProcedures.03><eProcedures.05 xsi:nil="true" NV="7701003" /><eProcedures.06 NV="7701003" xsi:nil="true" /><eProcedures.07 NV="7701003" xsi:nil="true" /><eProcedures.08 NV="7701003" xsi:nil="true" /><eProcedures.09>3975</eProcedures.09><eProcedures.10>9905013</eProcedures.10><eProcedures.13 xsi:nil="true" NV="7701001" /></eProcedures.ProcedureGroup></eProcedures><eDisposition><eDisposition.DestinationGroup><eDisposition.01>4GO1|g92[3&lt;:&gt;F7cq[\tECiSuWPc34XLB1CCLx^@LVCj:1cqoRH}V^eo[y9UFS|VXnv=2rGw{LWm}|Isq]r_iYtbJRePn9wvWjAI</eDisposition.01><eDisposition.02>9Vnz:O296vp\_Cag_Lj}wDp^&lt;t8rS^EBk}jJluTJVj[R_8n[U?</eDisposition.02><eDisposition.03>3053 Carl Duvall Dr</eDisposition.03><eDisposition.04>99879</eDisposition.04><eDisposition.05>14</eDisposition.05><eDisposition.06>46898</eDisposition.06><eDisposition.07>87037</eDisposition.07></eDisposition.DestinationGroup><eDisposition.11>1</eDisposition.11><eDisposition.12>4212033</eDisposition.12><eDisposition.13>9909013</eDisposition.13><eDisposition.14>4214015</eDisposition.14><eDisposition.16>4216005</eDisposition.16><eDisposition.17>4217005</eDisposition.17><eDisposition.18>4218015</eDisposition.18><eDisposition.19>9916003</eDisposition.19><eDisposition.20>4220015</eDisposition.20><eDisposition.21 NV="7701003" xsi:nil="true" /><eDisposition.22 NV="7701003" xsi:nil="true" /><eDisposition.23>9908007</eDisposition.23><eDisposition.HospitalTeamActivationGroup><eDisposition.24 NV="7701003" xsi:nil="true" /><eDisposition.25 xsi:nil="true" NV="7701003" /></eDisposition.HospitalTeamActivationGroup></eDisposition><eOutcome><eOutcome.01 NV="7701003" xsi:nil="true" /><eOutcome.02 NV="7701003" xsi:nil="true" /><eOutcome.ExternalDataGroup /></eOutcome><eOther><eOther.EMSCrewMemberGroup><eOther.05 NV="7701003" xsi:nil="true" /><eOther.06 NV="7701003" xsi:nil="true" /></eOther.EMSCrewMemberGroup><eOther.08>]wUXnmF&lt;r9v7;[5</eOther.08><eOther.SignatureGroup><eOther.12>4512015</eOther.12><eOther.13>4513019</eOther.13><eOther.14>4514043</eOther.14><eOther.15>4515031</eOther.15><eOther.19>2015-03-11T13:34:44-05:00</eOther.19><eOther.20>Koert</eOther.20><eOther.21>Valerie</eOther.21></eOther.SignatureGroup></eOther></PatientCareReport></Header></EMSDataSet>