<EMSDataSet xmlns="http://www.nemsis.org" xmlns:xsi="http://www.w3.org/2001/XMLSchema-instance" xmlns:schemaLocation="http://www.nemsis.org http://nemsis.org/media/XSD_v3/_nemsis_v3.3.4/3.3.4.140328/XSDs/NEMSIS_XSDs_v3.3.4.140328/EMSDataSet_v3.xsd"><Header><DemographicGroup><dAgency.01>5043</dAgency.01><dAgency.02>5043</dAgency.02><dAgency.04>31</dAgency.04></DemographicGroup><PatientCareReport><eRecord><eRecord.01>[hT:T}zbk?JX9W}ZujN@TqiMnQU{6x6M</eRecord.01><eRecord.SoftwareApplicationGroup><eRecord.02>ZOLL</eRecord.02><eRecord.03>ePCR</eRecord.03><eRecord.04>1.0</eRecord.04></eRecord.SoftwareApplicationGroup></eRecord><eResponse><eResponse.AgencyGroup><eResponse.01>STsVpHEb&gt;&lt;jO;k5</eResponse.01><eResponse.02>}PTwhWgNh}7I2X|[q9{5caWg]Ui1H6JA3LV[`0Lsi6;Wh|B:?^wF=ePLwjJCke5absFd2Qypk8I\V}|^B_oh=34Ky9asd8841Wrs</eResponse.02></eResponse.AgencyGroup><eResponse.03>0011229</eResponse.03><eResponse.04>0011229</eResponse.04><eResponse.ServiceGroup><eResponse.05>2205001</eResponse.05></eResponse.ServiceGroup><eResponse.07>2207003</eResponse.07><eResponse.08>2208013</eResponse.08><eResponse.09>2209011</eResponse.09><eResponse.10>2210017</eResponse.10><eResponse.11 NV="7701003" xsi:nil="true" /><eResponse.12>2212015</eResponse.12><eResponse.13>f\8lb6Y5Kqswki0&lt;sJT_oxhvm</eResponse.13><eResponse.14>5;b}E[|;9vdV356X|}8Ch8x7y&gt;d3C4kq@}\xt66FulbqJcpEM6</eResponse.14><eResponse.15>2215013</eResponse.15><eResponse.20>0.1</eResponse.20><eResponse.21>1.1</eResponse.21><eResponse.23>2223001</eResponse.23><eResponse.24>2224015</eResponse.24></eResponse><eDispatch><eDispatch.01>2301045</eDispatch.01><eDispatch.02>2302003</eDispatch.02></eDispatch><eCrew><eCrew.CrewGroup><eCrew.01>4147</eCrew.01><eCrew.02>9925019</eCrew.02><eCrew.03>2403003</eCrew.03></eCrew.CrewGroup><eCrew.CrewGroup><eCrew.01>4216</eCrew.01><eCrew.02>9925019</eCrew.02><eCrew.03>2403013</eCrew.03></eCrew.CrewGroup><eCrew.CrewGroup><eCrew.01>3061</eCrew.01><eCrew.02>9925019</eCrew.02><eCrew.03>2403009</eCrew.03></eCrew.CrewGroup></eCrew><eTimes><eTimes.01 xsi:nil="true" NV="7701003" /><eTimes.02>2015-03-15T14:17:10-05:00</eTimes.02><eTimes.03>2015-03-15T14:17:28-05:00</eTimes.03><eTimes.05>2015-03-15T14:18:20-05:00</eTimes.05><eTimes.06>2015-03-15T14:21:46-05:00</eTimes.06><eTimes.07>2015-03-15T14:27:00-05:00</eTimes.07><eTimes.08 xsi:nil="true" NV="7701003" /><eTimes.09>2015-03-15T14:31:55-05:00</eTimes.09><eTimes.11>2015-03-15T14:37:00-05:00</eTimes.11><eTimes.12>2015-03-15T14:40:00-05:00</eTimes.12><eTimes.13>2015-03-15T14:55:26-05:00</eTimes.13></eTimes><ePatient><ePatient.PatientNameGroup><ePatient.02>Skorupski</ePatient.02><ePatient.03>Theresa</ePatient.03></ePatient.PatientNameGroup><ePatient.05 StreetAddress2="1">6202 Lantern Cir</ePatient.05><ePatient.06>16211</ePatient.06><ePatient.07>97000</ePatient.07><ePatient.08>13</ePatient.08><ePatient.09>59903</ePatient.09><ePatient.13>9906003</ePatient.13><ePatient.14>2514011</ePatient.14><ePatient.AgeGroup><ePatient.15>67</ePatient.15><ePatient.16>2516009</ePatient.16></ePatient.AgeGroup><ePatient.17>1906-01-25</ePatient.17></ePatient><ePayment><ePayment.01 NV="7701003" xsi:nil="true" /><ePayment.CertificateGroup /><ePayment.ClosestRelativeGroup /><ePayment.EmployerGroup /><ePayment.50 NV="7701003" xsi:nil="true" /></ePayment><eScene><eScene.01>9923003</eScene.01><eScene.06>2707005</eScene.06><eScene.07>9923001</eScene.07><eScene.08 NV="7701003" xsi:nil="true" /><eScene.09>Y92.03</eScene.09><eScene.10 NV="7701003" xsi:nil="true" /><eScene.14 NV="7701003" xsi:nil="true" /><eScene.15 StreetAddress2="1">9381 Running Terrace Way</eScene.15><eScene.16 xsi:nil="true" NV="7701003" /><eScene.17>15655</eScene.17><eScene.18>08</eScene.18><eScene.19>84969</eScene.19><eScene.20 xsi:nil="true" NV="7701003" /><eScene.21>35419</eScene.21><eScene.22>US</eScene.22></eScene><eSituation><eSituation.01>2015-03-15T14:15:00-05:00</eSituation.01><eSituation.02>9922001</eSituation.02><eSituation.PatientComplaintGroup><eSituation.03>2803001</eSituation.03><eSituation.04>Hemorrhage</eSituation.04><eSituation.05>2</eSituation.05><eSituation.06>2806011</eSituation.06></eSituation.PatientComplaintGroup><eSituation.07>2807011</eSituation.07><eSituation.08>2808009</eSituation.08><eSituation.09>R58</eSituation.09><eSituation.10>Z72.89</eSituation.10><eSituation.11>K62.5</eSituation.11><eSituation.12>Z00.00</eSituation.12><eSituation.13>2813005</eSituation.13><eSituation.WorkRelatedGroup><eSituation.14 NV="7701003" xsi:nil="true" /></eSituation.WorkRelatedGroup><eSituation.17 NV="7701003" xsi:nil="true" /></eSituation><eInjury><eInjury.01 NV="7701003" xsi:nil="true" /><eInjury.02 NV="7701003" xsi:nil="true" /><eInjury.03 NV="7701003" xsi:nil="true" /><eInjury.04 NV="7701003" xsi:nil="true" /><eInjury.07 NV="7701003" xsi:nil="true" /><eInjury.CollisionGroup><eInjury.SeatGroup /></eInjury.CollisionGroup></eInjury><eArrest><eArrest.01 NV="7701003" xsi:nil="true" /><eArrest.02 NV="7701003" xsi:nil="true" /><eArrest.03 NV="7701003" xsi:nil="true" /><eArrest.04 NV="7701003" xsi:nil="true" /><eArrest.05 NV="7701003" xsi:nil="true" /><eArrest.07 NV="7701003" xsi:nil="true" /><eArrest.09 NV="7701003" xsi:nil="true" /><eArrest.10 NV="7701003" xsi:nil="true" /><eArrest.11 NV="7701003" xsi:nil="true" /><eArrest.12 NV="7701003" xsi:nil="true" /><eArrest.14 xsi:nil="true" NV="7701003" /><eArrest.15 xsi:nil="true" NV="7701003" /><eArrest.16 NV="7701003" xsi:nil="true" /><eArrest.17 NV="7701003" xsi:nil="true" /><eArrest.18 NV="7701003" xsi:nil="true" /></eArrest><eHistory><eHistory.01>3101009</eHistory.01><eHistory.05>3105005</eHistory.05><eHistory.06 xsi:nil="true" PN="8801013" /><eHistory.07>160244002</eHistory.07><eHistory.08 NV="7701003" xsi:nil="true" /><eHistory.ImmunizationsGroup /><eHistory.CurrentMedsGroup><eHistory.12>83156</eHistory.12></eHistory.CurrentMedsGroup><eHistory.17 NV="7701003" xsi:nil="true" /></eHistory><eNarrative></eNarrative><eVitals><eVitals.VitalGroup><eVitals.01>2015-03-15T14:36:06-05:00</eVitals.01><eVitals.02 NV="7701003" xsi:nil="true" /><eVitals.CardiacRhythmGroup><eVitals.03 NV="7701003" xsi:nil="true" /><eVitals.04 NV="7701003" xsi:nil="true" /><eVitals.05 NV="7701003" xsi:nil="true" /></eVitals.CardiacRhythmGroup><eVitals.BloodPressureGroup><eVitals.06>150</eVitals.06><eVitals.07>90</eVitals.07><eVitals.08>3308007</eVitals.08></eVitals.BloodPressureGroup><eVitals.HeartRateGroup><eVitals.10>80</eVitals.10></eVitals.HeartRateGroup><eVitals.12>96</eVitals.12><eVitals.14>16</eVitals.14><eVitals.15>3315007</eVitals.15><eVitals.16 xsi:nil="true" NV="7701003" /><eVitals.17 xsi:nil="true" NV="7701003" /><eVitals.18 xsi:nil="true" NV="7701003" /><eVitals.GlasgowScoreGroup><eVitals.19>4</eVitals.19><eVitals.20>5</eVitals.20><eVitals.21>6</eVitals.21><eVitals.22>3322003</eVitals.22><eVitals.23>15</eVitals.23></eVitals.GlasgowScoreGroup><eVitals.TemperatureGroup><eVitals.24 xsi:nil="true" NV="7701003" /></eVitals.TemperatureGroup><eVitals.26>3326001</eVitals.26><eVitals.PainScaleGroup><eVitals.27>3</eVitals.27><eVitals.28 NV="7701003" xsi:nil="true" /></eVitals.PainScaleGroup><eVitals.StrokeScaleGroup><eVitals.29 NV="7701003" xsi:nil="true" /><eVitals.30 NV="7701003" xsi:nil="true" /></eVitals.StrokeScaleGroup><eVitals.31 NV="7701003" xsi:nil="true" /></eVitals.VitalGroup></eVitals><eExam><eExam.01>59.0</eExam.01><eExam.02 NV="7701003" xsi:nil="true" /><eExam.AssessmentGroup><eExam.03>2015-03-15T14:36:06-05:00</eExam.03><eExam.04>3504021</eExam.04><eExam.19>3519007</eExam.19><eExam.20>3520021</eExam.20></eExam.AssessmentGroup></eExam><eProtocols><eProtocols.ProtocolGroup><eProtocols.01>9914083</eProtocols.01><eProtocols.02>3602001</eProtocols.02></eProtocols.ProtocolGroup></eProtocols><eMedications><eMedications.MedicationGroup><eMedications.01 xsi:nil="true" NV="7701003" /><eMedications.02 NV="7701003" xsi:nil="true" /><eMedications.03 NV="7701003" xsi:nil="true" /><eMedications.DosageGroup><eMedications.05 xsi:nil="true" NV="7701003" /><eMedications.06 NV="7701003" xsi:nil="true" /></eMedications.DosageGroup><eMedications.07 NV="7701003" xsi:nil="true" /><eMedications.08 NV="7701003" xsi:nil="true" /><eMedications.09 NV="7701003" xsi:nil="true" /><eMedications.10 NV="7701003" xsi:nil="true" /></eMedications.MedicationGroup></eMedications><eProcedures><eProcedures.ProcedureGroup><eProcedures.01 xsi:nil="true" NV="7701003" /><eProcedures.02 NV="7701003" xsi:nil="true" /><eProcedures.03 NV="7701003" xsi:nil="true" /><eProcedures.05 xsi:nil="true" NV="7701003" /><eProcedures.06 NV="7701003" xsi:nil="true" /><eProcedures.07 NV="7701003" xsi:nil="true" /><eProcedures.08 NV="7701003" xsi:nil="true" /><eProcedures.09 NV="7701003" xsi:nil="true" /><eProcedures.10 NV="7701003" xsi:nil="true" /><eProcedures.13 NV="7701003" xsi:nil="true" /></eProcedures.ProcedureGroup></eProcedures><eDisposition><eDisposition.DestinationGroup><eDisposition.01>ApA[w_gI2}Nzt]fWMklBRy1nF9W:nkgVEiqH_h:uQHswQP4tNCv^`QhEnPEm8]YDEud;iMucatn:58Ls4`iZs9sr1[X&gt;RJmrm_aY</eDisposition.01><eDisposition.02>iw;1KB{j`]@f4PhUr|N&lt;2p:=sfAF7zJSTp:;Ug&gt;a;9BQKo:1_G</eDisposition.02><eDisposition.03>9961 Murray Ave</eDisposition.03><eDisposition.04>29664</eDisposition.04><eDisposition.05>27</eDisposition.05><eDisposition.06>55717</eDisposition.06><eDisposition.07>92607</eDisposition.07><eDisposition.08>US</eDisposition.08></eDisposition.DestinationGroup><eDisposition.11>1</eDisposition.11><eDisposition.12>4212033</eDisposition.12><eDisposition.13>9909001</eDisposition.13><eDisposition.14>4214015</eDisposition.14><eDisposition.15>9909013</eDisposition.15><eDisposition.16>4216005</eDisposition.16><eDisposition.17>4217005</eDisposition.17><eDisposition.18>4218015</eDisposition.18><eDisposition.19>9916003</eDisposition.19><eDisposition.20>4220001</eDisposition.20><eDisposition.21 NV="7701003" xsi:nil="true" /><eDisposition.22 NV="7701003" xsi:nil="true" /><eDisposition.23>9908007</eDisposition.23><eDisposition.HospitalTeamActivationGroup><eDisposition.24 NV="7701003" xsi:nil="true" /><eDisposition.25 xsi:nil="true" NV="7701003" /></eDisposition.HospitalTeamActivationGroup></eDisposition><eOutcome><eOutcome.01 NV="7701003" xsi:nil="true" /><eOutcome.02 NV="7701003" xsi:nil="true" /><eOutcome.ExternalDataGroup /></eOutcome><eOther><eOther.EMSCrewMemberGroup><eOther.05 NV="7701003" xsi:nil="true" /><eOther.06 NV="7701003" xsi:nil="true" /></eOther.EMSCrewMemberGroup><eOther.08>4W;avwpLyT7jFLN</eOther.08><eOther.SignatureGroup><eOther.12>4512015</eOther.12><eOther.13>4513019</eOther.13><eOther.14>4514043</eOther.14><eOther.15>4515031</eOther.15><eOther.19>2015-03-15T14:38:01-05:00</eOther.19><eOther.20>Oldham</eOther.20><eOther.21>Chuck</eOther.21></eOther.SignatureGroup></eOther></PatientCareReport></Header></EMSDataSet>