<EMSDataSet xmlns="http://www.nemsis.org" xmlns:xsi="http://www.w3.org/2001/XMLSchema-instance" xmlns:schemaLocation="http://www.nemsis.org http://nemsis.org/media/XSD_v3/_nemsis_v3.3.4/3.3.4.140328/XSDs/NEMSIS_XSDs_v3.3.4.140328/EMSDataSet_v3.xsd"><Header><DemographicGroup><dAgency.01>5043</dAgency.01><dAgency.02>5043</dAgency.02><dAgency.04>31</dAgency.04></DemographicGroup><PatientCareReport><eRecord><eRecord.01>3;Cv9v@h;XhL46bs0URtsYGmwdK]l{dl</eRecord.01><eRecord.SoftwareApplicationGroup><eRecord.02>ZOLL</eRecord.02><eRecord.03>ePCR</eRecord.03><eRecord.04>1.0</eRecord.04></eRecord.SoftwareApplicationGroup></eRecord><eResponse><eResponse.AgencyGroup><eResponse.01>W1|BilERPS^0z2k</eResponse.01><eResponse.02>8]?;09sSXqT}R[ay=qys28O9B@}SOyGptwB}\odcb\TNDlptmXQ=0=h0=6wn9O3]Zb8YIaLK=F@Tb0rSN8duW9og&gt;ApVvtYCXur`</eResponse.02></eResponse.AgencyGroup><eResponse.03>0017677</eResponse.03><eResponse.04>0017677</eResponse.04><eResponse.ServiceGroup><eResponse.05>2205001</eResponse.05></eResponse.ServiceGroup><eResponse.07>2207003</eResponse.07><eResponse.08>2208013</eResponse.08><eResponse.09>2209011</eResponse.09><eResponse.10>2210017</eResponse.10><eResponse.11 NV="7701003" xsi:nil="true" /><eResponse.12 NV="7701003" xsi:nil="true" /><eResponse.13>cG[;;50hzDK=ASP0h&lt;5PpNK7o</eResponse.13><eResponse.14>sRFjzyk&lt;Bm6[XiR97kwtcESTYXLoQnDyTJF`g{}I]1|cIS@P`F</eResponse.14><eResponse.15>2215013</eResponse.15><eResponse.20>0.1</eResponse.20><eResponse.21>3.6</eResponse.21><eResponse.23>2223001</eResponse.23><eResponse.24>2224015</eResponse.24></eResponse><eDispatch><eDispatch.01>2301069</eDispatch.01><eDispatch.02>2302003</eDispatch.02></eDispatch><eCrew><eCrew.CrewGroup><eCrew.01>3244</eCrew.01><eCrew.02>9925019</eCrew.02><eCrew.03>2403003</eCrew.03></eCrew.CrewGroup><eCrew.CrewGroup><eCrew.01>4069</eCrew.01><eCrew.02>9925019</eCrew.02><eCrew.03>2403013</eCrew.03></eCrew.CrewGroup></eCrew><eTimes><eTimes.01 xsi:nil="true" NV="7701003" /><eTimes.02>2015-04-23T16:27:57-05:00</eTimes.02><eTimes.03>2015-04-23T16:28:04-05:00</eTimes.03><eTimes.05>2015-04-23T16:29:45-05:00</eTimes.05><eTimes.06>2015-04-23T16:33:00-05:00</eTimes.06><eTimes.07>2015-04-23T16:34:00-05:00</eTimes.07><eTimes.08 xsi:nil="true" NV="7701003" /><eTimes.09>2015-04-23T16:41:41-05:00</eTimes.09><eTimes.11>2015-04-23T17:00:25-05:00</eTimes.11><eTimes.12>2015-04-23T17:01:00-05:00</eTimes.12><eTimes.13>2015-04-23T17:06:16-05:00</eTimes.13></eTimes><ePatient><ePatient.PatientNameGroup><ePatient.02>Rajabpour</ePatient.02><ePatient.03>Margie</ePatient.03></ePatient.PatientNameGroup><ePatient.05>4302 Davistown Rd</ePatient.05><ePatient.06>23967</ePatient.06><ePatient.07>62956</ePatient.07><ePatient.08>55</ePatient.08><ePatient.09>84623</ePatient.09><ePatient.10>US</ePatient.10><ePatient.13>9906001</ePatient.13><ePatient.14>2514007</ePatient.14><ePatient.AgeGroup><ePatient.15>11</ePatient.15><ePatient.16>2516009</ePatient.16></ePatient.AgeGroup><ePatient.17>1949-07-26</ePatient.17></ePatient><ePayment><ePayment.01 NV="7701003" xsi:nil="true" /><ePayment.CertificateGroup /><ePayment.ClosestRelativeGroup /><ePayment.EmployerGroup /><ePayment.50 NV="7701003" xsi:nil="true" /></ePayment><eScene><eScene.01>9923001</eScene.01><eScene.06>2707005</eScene.06><eScene.07>9923001</eScene.07><eScene.08 NV="7701003" xsi:nil="true" /><eScene.09>Y92.017</eScene.09><eScene.10 NV="7701003" xsi:nil="true" /><eScene.14 NV="7701003" xsi:nil="true" /><eScene.15>7199 Gristmill Parish</eScene.15><eScene.16 xsi:nil="true" NV="7701003" /><eScene.17>57199</eScene.17><eScene.18>08</eScene.18><eScene.19>18247</eScene.19><eScene.20 xsi:nil="true" NV="7701003" /><eScene.21>25802</eScene.21><eScene.22>US</eScene.22></eScene><eSituation><eSituation.01>2015-04-23T16:23:00-05:00</eSituation.01><eSituation.02 NV="7701003" xsi:nil="true" /><eSituation.PatientComplaintGroup><eSituation.03>2803001</eSituation.03><eSituation.04>Pain</eSituation.04><eSituation.05>15</eSituation.05><eSituation.06>2806003</eSituation.06></eSituation.PatientComplaintGroup><eSituation.07>2807007</eSituation.07><eSituation.08>2808015</eSituation.08><eSituation.09>R52</eSituation.09><eSituation.10>Z00.129</eSituation.10><eSituation.11>S79.92</eSituation.11><eSituation.12>G89.1</eSituation.12><eSituation.13>2813001</eSituation.13><eSituation.WorkRelatedGroup><eSituation.14>9922005</eSituation.14></eSituation.WorkRelatedGroup><eSituation.17 NV="7701003" xsi:nil="true" /></eSituation><eInjury><eInjury.01 NV="7701003" xsi:nil="true" /><eInjury.02 NV="7701003" xsi:nil="true" /><eInjury.03 NV="7701003" xsi:nil="true" /><eInjury.04 NV="7701003" xsi:nil="true" /><eInjury.07 NV="7701003" xsi:nil="true" /><eInjury.CollisionGroup><eInjury.SeatGroup /></eInjury.CollisionGroup></eInjury><eArrest><eArrest.01 NV="7701003" xsi:nil="true" /><eArrest.02 NV="7701003" xsi:nil="true" /><eArrest.03 NV="7701003" xsi:nil="true" /><eArrest.04 NV="7701003" xsi:nil="true" /><eArrest.05 NV="7701003" xsi:nil="true" /><eArrest.07 NV="7701003" xsi:nil="true" /><eArrest.09 NV="7701003" xsi:nil="true" /><eArrest.10 NV="7701003" xsi:nil="true" /><eArrest.11 NV="7701003" xsi:nil="true" /><eArrest.12 NV="7701003" xsi:nil="true" /><eArrest.14 xsi:nil="true" NV="7701003" /><eArrest.15 xsi:nil="true" NV="7701003" /><eArrest.16 NV="7701003" xsi:nil="true" /><eArrest.17 NV="7701003" xsi:nil="true" /><eArrest.18 NV="7701003" xsi:nil="true" /></eArrest><eHistory><eHistory.01>3101009</eHistory.01><eHistory.05>3105005</eHistory.05><eHistory.06 xsi:nil="true" PN="8801013" /><eHistory.07>160244002</eHistory.07><eHistory.08 NV="7701003" xsi:nil="true" /><eHistory.ImmunizationsGroup /><eHistory.17 NV="7701003" xsi:nil="true" /></eHistory><eNarrative></eNarrative><eVitals><eVitals.VitalGroup><eVitals.01>2015-04-23T16:36:00-05:00</eVitals.01><eVitals.02>9923001</eVitals.02><eVitals.CardiacRhythmGroup><eVitals.03 NV="7701003" xsi:nil="true" /><eVitals.04 NV="7701003" xsi:nil="true" /><eVitals.05 NV="7701003" xsi:nil="true" /></eVitals.CardiacRhythmGroup><eVitals.BloodPressureGroup><eVitals.06>137</eVitals.06><eVitals.07>76</eVitals.07><eVitals.08>3308005</eVitals.08></eVitals.BloodPressureGroup><eVitals.HeartRateGroup><eVitals.10>68</eVitals.10></eVitals.HeartRateGroup><eVitals.12 xsi:nil="true" NV="7701003" /><eVitals.14>15</eVitals.14><eVitals.15>3315007</eVitals.15><eVitals.16 xsi:nil="true" NV="7701003" /><eVitals.17 xsi:nil="true" NV="7701003" /><eVitals.18 xsi:nil="true" NV="7701003" /><eVitals.GlasgowScoreGroup><eVitals.19>4</eVitals.19><eVitals.20>5</eVitals.20><eVitals.21>6</eVitals.21><eVitals.22>3322003</eVitals.22><eVitals.23>15</eVitals.23></eVitals.GlasgowScoreGroup><eVitals.TemperatureGroup><eVitals.24 xsi:nil="true" NV="7701003" /></eVitals.TemperatureGroup><eVitals.26>3326001</eVitals.26><eVitals.PainScaleGroup><eVitals.27 xsi:nil="true" NV="7701003" /><eVitals.28 NV="7701003" xsi:nil="true" /></eVitals.PainScaleGroup><eVitals.StrokeScaleGroup><eVitals.29 NV="7701003" xsi:nil="true" /><eVitals.30 NV="7701003" xsi:nil="true" /></eVitals.StrokeScaleGroup><eVitals.31 NV="7701003" xsi:nil="true" /></eVitals.VitalGroup></eVitals><eExam><eExam.01>27.2</eExam.01><eExam.02 NV="7701003" xsi:nil="true" /><eExam.AssessmentGroup><eExam.03>2015-04-23T16:35:00-05:00</eExam.03><eExam.04>3504021</eExam.04><eExam.05>3505033</eExam.05><eExam.05>3505033</eExam.05><eExam.05>3505033</eExam.05><eExam.06>3506035</eExam.06><eExam.06>3506035</eExam.06><eExam.06>3506035</eExam.06><eExam.07>3507029</eExam.07><eExam.08>3508053</eExam.08><eExam.09>3509009</eExam.09><eExam.09>3509011</eExam.09><eExam.AbdomenGroup><eExam.10>3510005</eExam.10><eExam.11>3511037</eExam.11></eExam.AbdomenGroup><eExam.AbdomenGroup><eExam.10>3510003</eExam.10><eExam.11>3511037</eExam.11></eExam.AbdomenGroup><eExam.AbdomenGroup><eExam.10>3510011</eExam.10><eExam.11>3511037</eExam.11></eExam.AbdomenGroup><eExam.AbdomenGroup><eExam.10>3510009</eExam.10><eExam.11>3511037</eExam.11></eExam.AbdomenGroup><eExam.AbdomenGroup><eExam.10>3510001</eExam.10><eExam.11>3511037</eExam.11></eExam.AbdomenGroup><eExam.AbdomenGroup><eExam.10>3510007</eExam.10><eExam.11>3511037</eExam.11></eExam.AbdomenGroup><eExam.12>3512037</eExam.12><eExam.12>3512037</eExam.12><eExam.SpineGroup><eExam.13>3513003</eExam.13><eExam.14>3514027</eExam.14></eExam.SpineGroup><eExam.SpineGroup><eExam.13>3513005</eExam.13><eExam.14>3514027</eExam.14></eExam.SpineGroup><eExam.SpineGroup><eExam.13>3513007</eExam.13><eExam.14>3514027</eExam.14></eExam.SpineGroup><eExam.SpineGroup><eExam.13>3513001</eExam.13><eExam.14>3514027</eExam.14></eExam.SpineGroup><eExam.SpineGroup><eExam.13>3513021</eExam.13><eExam.14>3514027</eExam.14></eExam.SpineGroup><eExam.SpineGroup><eExam.13>3513023</eExam.13><eExam.14>3514027</eExam.14></eExam.SpineGroup><eExam.SpineGroup><eExam.13>3513025</eExam.13><eExam.14>3514027</eExam.14></eExam.SpineGroup><eExam.SpineGroup><eExam.13>3513015</eExam.13><eExam.14>3514027</eExam.14></eExam.SpineGroup><eExam.SpineGroup><eExam.13>3513017</eExam.13><eExam.14>3514027</eExam.14></eExam.SpineGroup><eExam.SpineGroup><eExam.13>3513019</eExam.13><eExam.14>3514027</eExam.14></eExam.SpineGroup><eExam.SpineGroup><eExam.13>3513009</eExam.13><eExam.14>3514027</eExam.14></eExam.SpineGroup><eExam.SpineGroup><eExam.13>3513011</eExam.13><eExam.14>3514027</eExam.14></eExam.SpineGroup><eExam.SpineGroup><eExam.13>3513013</eExam.13><eExam.14>3514027</eExam.14></eExam.SpineGroup><eExam.ExtremityGroup><eExam.15>3515007</eExam.15><eExam.16>3516049</eExam.16><eExam.16>3516049</eExam.16></eExam.ExtremityGroup><eExam.ExtremityGroup><eExam.15>3515067</eExam.15><eExam.16>3516049</eExam.16><eExam.16>3516049</eExam.16></eExam.ExtremityGroup><eExam.ExtremityGroup><eExam.15>3515011</eExam.15><eExam.16>3516049</eExam.16><eExam.16>3516049</eExam.16></eExam.ExtremityGroup><eExam.ExtremityGroup><eExam.15>3515039</eExam.15><eExam.16>3516049</eExam.16><eExam.16>3516049</eExam.16></eExam.ExtremityGroup><eExam.ExtremityGroup><eExam.15>3515095</eExam.15><eExam.16>3516049</eExam.16><eExam.16>3516049</eExam.16></eExam.ExtremityGroup><eExam.ExtremityGroup><eExam.15>3515047</eExam.15><eExam.16>3516049</eExam.16><eExam.16>3516049</eExam.16></eExam.ExtremityGroup><eExam.ExtremityGroup><eExam.15>3515043</eExam.15><eExam.16>3516049</eExam.16><eExam.16>3516049</eExam.16></eExam.ExtremityGroup><eExam.ExtremityGroup><eExam.15>3515015</eExam.15><eExam.16>3516049</eExam.16><eExam.16>3516049</eExam.16></eExam.ExtremityGroup><eExam.ExtremityGroup><eExam.15>3515019</eExam.15><eExam.16>3516049</eExam.16><eExam.16>3516049</eExam.16></eExam.ExtremityGroup><eExam.ExtremityGroup><eExam.15>3515023</eExam.15><eExam.16>3516049</eExam.16><eExam.16>3516049</eExam.16></eExam.ExtremityGroup><eExam.ExtremityGroup><eExam.15>3515027</eExam.15><eExam.16>3516049</eExam.16><eExam.16>3516049</eExam.16></eExam.ExtremityGroup><eExam.ExtremityGroup><eExam.15>3515071</eExam.15><eExam.16>3516049</eExam.16><eExam.16>3516049</eExam.16></eExam.ExtremityGroup><eExam.ExtremityGroup><eExam.15>3515065</eExam.15><eExam.16>3516049</eExam.16><eExam.16>3516049</eExam.16></eExam.ExtremityGroup><eExam.ExtremityGroup><eExam.15>3515009</eExam.15><eExam.16>3516049</eExam.16><eExam.16>3516049</eExam.16></eExam.ExtremityGroup><eExam.ExtremityGroup><eExam.15>3515005</eExam.15><eExam.16>3516049</eExam.16><eExam.16>3516049</eExam.16></eExam.ExtremityGroup><eExam.ExtremityGroup><eExam.15>3515037</eExam.15><eExam.16>3516049</eExam.16><eExam.16>3516049</eExam.16></eExam.ExtremityGroup><eExam.ExtremityGroup><eExam.15>3515093</eExam.15><eExam.16>3516049</eExam.16><eExam.16>3516049</eExam.16></eExam.ExtremityGroup><eExam.ExtremityGroup><eExam.15>3515045</eExam.15><eExam.16>3516049</eExam.16><eExam.16>3516049</eExam.16></eExam.ExtremityGroup><eExam.ExtremityGroup><eExam.15>3515041</eExam.15><eExam.16>3516049</eExam.16><eExam.16>3516049</eExam.16></eExam.ExtremityGroup><eExam.ExtremityGroup><eExam.15>3515013</eExam.15><eExam.16>3516049</eExam.16><eExam.16>3516049</eExam.16></eExam.ExtremityGroup><eExam.ExtremityGroup><eExam.15>3515017</eExam.15><eExam.16>3516049</eExam.16><eExam.16>3516049</eExam.16></eExam.ExtremityGroup><eExam.ExtremityGroup><eExam.15>3515021</eExam.15><eExam.16>3516049</eExam.16><eExam.16>3516049</eExam.16></eExam.ExtremityGroup><eExam.ExtremityGroup><eExam.15>3515025</eExam.15><eExam.16>3516049</eExam.16><eExam.16>3516049</eExam.16></eExam.ExtremityGroup><eExam.ExtremityGroup><eExam.15>3515069</eExam.15><eExam.16>3516049</eExam.16><eExam.16>3516049</eExam.16></eExam.ExtremityGroup><eExam.ExtremityGroup><eExam.15>3515053</eExam.15><eExam.16>3516049</eExam.16><eExam.16>3516049</eExam.16></eExam.ExtremityGroup><eExam.ExtremityGroup><eExam.15>3515035</eExam.15><eExam.16>3516049</eExam.16><eExam.16>3516049</eExam.16></eExam.ExtremityGroup><eExam.ExtremityGroup><eExam.15>3515031</eExam.15><eExam.16>3516049</eExam.16><eExam.16>3516049</eExam.16></eExam.ExtremityGroup><eExam.ExtremityGroup><eExam.15>3515075</eExam.15><eExam.16>3516049</eExam.16><eExam.16>3516049</eExam.16></eExam.ExtremityGroup><eExam.ExtremityGroup><eExam.15>3515079</eExam.15><eExam.16>3516049</eExam.16><eExam.16>3516049</eExam.16></eExam.ExtremityGroup><eExam.ExtremityGroup><eExam.15>3515083</eExam.15><eExam.16>3516049</eExam.16><eExam.16>3516049</eExam.16></eExam.ExtremityGroup><eExam.ExtremityGroup><eExam.15>3515087</eExam.15><eExam.16>3516049</eExam.16><eExam.16>3516049</eExam.16></eExam.ExtremityGroup><eExam.ExtremityGroup><eExam.15>3515091</eExam.15><eExam.16>3516049</eExam.16><eExam.16>3516049</eExam.16></eExam.ExtremityGroup><eExam.ExtremityGroup><eExam.15>3515063</eExam.15><eExam.16>3516049</eExam.16><eExam.16>3516049</eExam.16></eExam.ExtremityGroup><eExam.ExtremityGroup><eExam.15>3515051</eExam.15><eExam.16>3516049</eExam.16><eExam.16>3516049</eExam.16></eExam.ExtremityGroup><eExam.ExtremityGroup><eExam.15>3515059</eExam.15><eExam.16>3516049</eExam.16><eExam.16>3516049</eExam.16></eExam.ExtremityGroup><eExam.ExtremityGroup><eExam.15>3515003</eExam.15><eExam.16>3516049</eExam.16><eExam.16>3516049</eExam.16></eExam.ExtremityGroup><eExam.ExtremityGroup><eExam.15>3515055</eExam.15><eExam.16>3516049</eExam.16><eExam.16>3516049</eExam.16></eExam.ExtremityGroup><eExam.ExtremityGroup><eExam.15>3515049</eExam.15><eExam.16>3516049</eExam.16><eExam.16>3516049</eExam.16></eExam.ExtremityGroup><eExam.ExtremityGroup><eExam.15>3515061</eExam.15><eExam.16>3516049</eExam.16><eExam.16>3516049</eExam.16></eExam.ExtremityGroup><eExam.ExtremityGroup><eExam.15>3515057</eExam.15><eExam.16>3516049</eExam.16><eExam.16>3516049</eExam.16></eExam.ExtremityGroup><eExam.ExtremityGroup><eExam.15>3515033</eExam.15><eExam.16>3516049</eExam.16><eExam.16>3516049</eExam.16></eExam.ExtremityGroup><eExam.ExtremityGroup><eExam.15>3515029</eExam.15><eExam.16>3516049</eExam.16><eExam.16>3516049</eExam.16></eExam.ExtremityGroup><eExam.ExtremityGroup><eExam.15>3515073</eExam.15><eExam.16>3516049</eExam.16><eExam.16>3516049</eExam.16></eExam.ExtremityGroup><eExam.ExtremityGroup><eExam.15>3515077</eExam.15><eExam.16>3516049</eExam.16><eExam.16>3516049</eExam.16></eExam.ExtremityGroup><eExam.ExtremityGroup><eExam.15>3515081</eExam.15><eExam.16>3516049</eExam.16><eExam.16>3516049</eExam.16></eExam.ExtremityGroup><eExam.ExtremityGroup><eExam.15>3515085</eExam.15><eExam.16>3516049</eExam.16><eExam.16>3516049</eExam.16></eExam.ExtremityGroup><eExam.ExtremityGroup><eExam.15>3515089</eExam.15><eExam.16>3516049</eExam.16><eExam.16>3516049</eExam.16></eExam.ExtremityGroup><eExam.ExtremityGroup><eExam.15>3515001</eExam.15><eExam.16>3516049</eExam.16><eExam.16>3516049</eExam.16></eExam.ExtremityGroup><eExam.EyeGroup><eExam.17>3517005</eExam.17><eExam.18>3518051</eExam.18></eExam.EyeGroup><eExam.EyeGroup><eExam.17>3517001</eExam.17><eExam.18>3518047</eExam.18><eExam.18>3518057</eExam.18></eExam.EyeGroup><eExam.EyeGroup><eExam.17>3517003</eExam.17><eExam.18>3518051</eExam.18></eExam.EyeGroup><eExam.19>3519007</eExam.19><eExam.20>3520007</eExam.20></eExam.AssessmentGroup></eExam><eProtocols><eProtocols.ProtocolGroup><eProtocols.01>9914097</eProtocols.01><eProtocols.02>3602005</eProtocols.02></eProtocols.ProtocolGroup></eProtocols><eMedications><eMedications.MedicationGroup><eMedications.01 xsi:nil="true" NV="7701003" /><eMedications.02 NV="7701003" xsi:nil="true" /><eMedications.03 NV="7701003" xsi:nil="true" /><eMedications.DosageGroup><eMedications.05 xsi:nil="true" NV="7701003" /><eMedications.06 NV="7701003" xsi:nil="true" /></eMedications.DosageGroup><eMedications.07 NV="7701003" xsi:nil="true" /><eMedications.08 NV="7701003" xsi:nil="true" /><eMedications.09 NV="7701003" xsi:nil="true" /><eMedications.10 NV="7701003" xsi:nil="true" /></eMedications.MedicationGroup></eMedications><eProcedures><eProcedures.ProcedureGroup><eProcedures.01 xsi:nil="true" NV="7701003" /><eProcedures.02 NV="7701003" xsi:nil="true" /><eProcedures.03 NV="7701003" xsi:nil="true" /><eProcedures.05 xsi:nil="true" NV="7701003" /><eProcedures.06 NV="7701003" xsi:nil="true" /><eProcedures.07 NV="7701003" xsi:nil="true" /><eProcedures.08 NV="7701003" xsi:nil="true" /><eProcedures.10 NV="7701003" xsi:nil="true" /><eProcedures.13 NV="7701003" xsi:nil="true" /></eProcedures.ProcedureGroup></eProcedures><eDisposition><eDisposition.DestinationGroup><eDisposition.01>C&gt;f`ti[iaFZ:&gt;L2{ot^tqwXF@e;9bk]Lu`q|k&gt;YN?rcKjbzgF{MDTjeIdOP&gt;]R7tg=C[X3@aJ?e|D&lt;Z\hRpdMHu;yXHLlJojjma\</eDisposition.01><eDisposition.02 xsi:nil="true" NV="7701003" /><eDisposition.03>3982 Governors Ct</eDisposition.03><eDisposition.04>27377</eDisposition.04><eDisposition.05>14</eDisposition.05><eDisposition.06>79065</eDisposition.06><eDisposition.07>77053</eDisposition.07></eDisposition.DestinationGroup><eDisposition.11>1</eDisposition.11><eDisposition.12>4212033</eDisposition.12><eDisposition.13>9909013</eDisposition.13><eDisposition.14>4214015</eDisposition.14><eDisposition.16>4216005</eDisposition.16><eDisposition.17>4217005</eDisposition.17><eDisposition.18>4218015</eDisposition.18><eDisposition.19>9916001</eDisposition.19><eDisposition.20>4220019</eDisposition.20><eDisposition.21 NV="7701003" xsi:nil="true" /><eDisposition.22 NV="7701003" xsi:nil="true" /><eDisposition.23>9908011</eDisposition.23><eDisposition.HospitalTeamActivationGroup><eDisposition.24 NV="7701003" xsi:nil="true" /><eDisposition.25 xsi:nil="true" NV="7701003" /></eDisposition.HospitalTeamActivationGroup></eDisposition><eOutcome><eOutcome.01 NV="7701003" xsi:nil="true" /><eOutcome.02 NV="7701003" xsi:nil="true" /><eOutcome.ExternalDataGroup /></eOutcome><eOther><eOther.EMSCrewMemberGroup><eOther.05 NV="7701003" xsi:nil="true" /><eOther.06 NV="7701003" xsi:nil="true" /></eOther.EMSCrewMemberGroup><eOther.08>SoP:k^GaGm:5Hy&gt;</eOther.08><eOther.SignatureGroup><eOther.12>4512017</eOther.12><eOther.13>4513019</eOther.13><eOther.14>4514027</eOther.14><eOther.15>4515015</eOther.15><eOther.19>2015-04-23T16:36:27-05:00</eOther.19><eOther.20>Coolley</eOther.20><eOther.21>Marcy</eOther.21></eOther.SignatureGroup><eOther.SignatureGroup><eOther.12>4512019</eOther.12><eOther.13>4513019</eOther.13><eOther.15>4515015</eOther.15><eOther.19>2015-04-23T16:36:27-05:00</eOther.19><eOther.20>Boutte</eOther.20><eOther.21>Kevin</eOther.21></eOther.SignatureGroup></eOther></PatientCareReport></Header></EMSDataSet>