<EMSDataSet xmlns="http://www.nemsis.org" xmlns:xsi="http://www.w3.org/2001/XMLSchema-instance" xmlns:schemaLocation="http://www.nemsis.org http://nemsis.org/media/XSD_v3/_nemsis_v3.3.4/3.3.4.140328/XSDs/NEMSIS_XSDs_v3.3.4.140328/EMSDataSet_v3.xsd"><Header><DemographicGroup><dAgency.01>5043</dAgency.01><dAgency.02>5043</dAgency.02><dAgency.04>31</dAgency.04></DemographicGroup><PatientCareReport><eRecord><eRecord.01>{d]LDMH8kvV{fUQPMENqAscOU_`3flm;</eRecord.01><eRecord.SoftwareApplicationGroup><eRecord.02>ZOLL</eRecord.02><eRecord.03>ePCR</eRecord.03><eRecord.04>1.0</eRecord.04></eRecord.SoftwareApplicationGroup></eRecord><eResponse><eResponse.AgencyGroup><eResponse.01>Z3Md9;T1JGusXPQ</eResponse.01><eResponse.02>=bqYc^9280&gt;ubkDO|9JPb7kFBoMVw{nu4=ROsB:[P0EcyDoD5uvj&gt;}m5uZGrA`8:@GqUHsZj|l0ap7K|}8Q253f4NMWHyFJmv:Sb</eResponse.02></eResponse.AgencyGroup><eResponse.03>0017670</eResponse.03><eResponse.04>0017670</eResponse.04><eResponse.ServiceGroup><eResponse.05>2205001</eResponse.05></eResponse.ServiceGroup><eResponse.07>2207003</eResponse.07><eResponse.08>2208013</eResponse.08><eResponse.09>2209011</eResponse.09><eResponse.10>2210017</eResponse.10><eResponse.11>2211011</eResponse.11><eResponse.12 NV="7701003" xsi:nil="true" /><eResponse.13>PIy?K&lt;kO};Bm&gt;Hr8?65&lt;^l7yK</eResponse.13><eResponse.14>AofR@ifbg[c=AdwFG4B:h9`QB^o4F4bB}q9J5{mOZ:Uk&gt;x{O&lt;t</eResponse.14><eResponse.15>2215013</eResponse.15><eResponse.20>106451.7</eResponse.20><eResponse.21>106461</eResponse.21><eResponse.23>2223001</eResponse.23><eResponse.24>2224015</eResponse.24></eResponse><eDispatch><eDispatch.01>2301021</eDispatch.01><eDispatch.02>2302003</eDispatch.02></eDispatch><eCrew><eCrew.CrewGroup><eCrew.01>4066</eCrew.01><eCrew.02>9925019</eCrew.02><eCrew.03>2403013</eCrew.03></eCrew.CrewGroup><eCrew.CrewGroup><eCrew.01>4161</eCrew.01><eCrew.02>9925019</eCrew.02><eCrew.03>2403003</eCrew.03></eCrew.CrewGroup></eCrew><eTimes><eTimes.01 xsi:nil="true" NV="7701003" /><eTimes.02>2015-04-23T15:32:08-05:00</eTimes.02><eTimes.03>2015-04-23T15:32:25-05:00</eTimes.03><eTimes.05>2015-04-23T15:33:11-05:00</eTimes.05><eTimes.06>2015-04-23T15:36:07-05:00</eTimes.06><eTimes.07>2015-04-23T15:38:00-05:00</eTimes.07><eTimes.08 xsi:nil="true" NV="7701003" /><eTimes.09>2015-04-23T15:55:18-05:00</eTimes.09><eTimes.11>2015-04-23T16:08:38-05:00</eTimes.11><eTimes.12>2015-04-23T16:10:00-05:00</eTimes.12><eTimes.13>2015-04-23T16:35:48-05:00</eTimes.13></eTimes><ePatient><ePatient.PatientNameGroup><ePatient.02>Gamble</ePatient.02><ePatient.03>Miriam</ePatient.03></ePatient.PatientNameGroup><ePatient.05>8503 Noble Hill</ePatient.05><ePatient.06>67546</ePatient.06><ePatient.07>18695</ePatient.07><ePatient.08>11</ePatient.08><ePatient.09>33779</ePatient.09><ePatient.10>US</ePatient.10><ePatient.13>9906003</ePatient.13><ePatient.14>2514011</ePatient.14><ePatient.AgeGroup><ePatient.15>35</ePatient.15><ePatient.16>2516009</ePatient.16></ePatient.AgeGroup><ePatient.17>1970-11-18</ePatient.17></ePatient><ePayment><ePayment.01 NV="7701003" xsi:nil="true" /><ePayment.CertificateGroup /><ePayment.ClosestRelativeGroup /><ePayment.EmployerGroup /><ePayment.50 NV="7701003" xsi:nil="true" /></ePayment><eScene><eScene.01>9923003</eScene.01><eScene.06>2707005</eScene.06><eScene.07>9923001</eScene.07><eScene.08 NV="7701003" xsi:nil="true" /><eScene.09>Y92.03</eScene.09><eScene.10 NV="7701003" xsi:nil="true" /><eScene.14 NV="7701003" xsi:nil="true" /><eScene.15 StreetAddress2="4B">3620 Law Rd</eScene.15><eScene.16 xsi:nil="true" NV="7701003" /><eScene.17>92424</eScene.17><eScene.18>24</eScene.18><eScene.19>26618</eScene.19><eScene.20 xsi:nil="true" NV="7701003" /><eScene.21>44877</eScene.21><eScene.22>US</eScene.22></eScene><eSituation><eSituation.01>2015-04-23T10:00:00-05:00</eSituation.01><eSituation.02>9922001</eSituation.02><eSituation.PatientComplaintGroup><eSituation.03>2803001</eSituation.03><eSituation.04>Breathing Problem</eSituation.04><eSituation.05>1</eSituation.05><eSituation.06>2806005</eSituation.06></eSituation.PatientComplaintGroup><eSituation.07>2807005</eSituation.07><eSituation.08>2808003</eSituation.08><eSituation.09>R19.30</eSituation.09><eSituation.10>R53.1</eSituation.10><eSituation.11>R07.9</eSituation.11><eSituation.12>F41.9</eSituation.12><eSituation.13>2813005</eSituation.13><eSituation.WorkRelatedGroup><eSituation.14 NV="7701003" xsi:nil="true" /></eSituation.WorkRelatedGroup><eSituation.17 NV="7701003" xsi:nil="true" /></eSituation><eInjury><eInjury.01 NV="7701003" xsi:nil="true" /><eInjury.02 NV="7701003" xsi:nil="true" /><eInjury.03 NV="7701003" xsi:nil="true" /><eInjury.04 NV="7701003" xsi:nil="true" /><eInjury.07 NV="7701003" xsi:nil="true" /><eInjury.CollisionGroup><eInjury.SeatGroup /></eInjury.CollisionGroup></eInjury><eArrest><eArrest.01 NV="7701003" xsi:nil="true" /><eArrest.02 NV="7701003" xsi:nil="true" /><eArrest.03 NV="7701003" xsi:nil="true" /><eArrest.04 NV="7701003" xsi:nil="true" /><eArrest.05 NV="7701003" xsi:nil="true" /><eArrest.07 NV="7701003" xsi:nil="true" /><eArrest.09 NV="7701003" xsi:nil="true" /><eArrest.10 NV="7701003" xsi:nil="true" /><eArrest.11 NV="7701003" xsi:nil="true" /><eArrest.12 NV="7701003" xsi:nil="true" /><eArrest.14 xsi:nil="true" NV="7701003" /><eArrest.15 xsi:nil="true" NV="7701003" /><eArrest.16 NV="7701003" xsi:nil="true" /><eArrest.17 NV="7701003" xsi:nil="true" /><eArrest.18 NV="7701003" xsi:nil="true" /></eArrest><eHistory><eHistory.01>3101009</eHistory.01><eHistory.05>3105007</eHistory.05><eHistory.06 CodeType="9924003">723</eHistory.06><eHistory.08>I49</eHistory.08><eHistory.08>G40</eHistory.08><eHistory.08>I11</eHistory.08><eHistory.ImmunizationsGroup /><eHistory.17 NV="7701003" xsi:nil="true" /></eHistory><eNarrative></eNarrative><eVitals><eVitals.VitalGroup><eVitals.01>2015-04-23T15:42:34-05:00</eVitals.01><eVitals.02 NV="7701003" xsi:nil="true" /><eVitals.CardiacRhythmGroup><eVitals.03 NV="7701003" xsi:nil="true" /><eVitals.04 NV="7701003" xsi:nil="true" /><eVitals.05 NV="7701003" xsi:nil="true" /></eVitals.CardiacRhythmGroup><eVitals.BloodPressureGroup><eVitals.06>157</eVitals.06><eVitals.07>111</eVitals.07><eVitals.08>3308005</eVitals.08></eVitals.BloodPressureGroup><eVitals.HeartRateGroup><eVitals.10>117</eVitals.10></eVitals.HeartRateGroup><eVitals.12>97</eVitals.12><eVitals.14>16</eVitals.14><eVitals.15>3315007</eVitals.15><eVitals.16 xsi:nil="true" NV="7701003" /><eVitals.17 xsi:nil="true" NV="7701003" /><eVitals.18 xsi:nil="true" NV="7701003" /><eVitals.GlasgowScoreGroup><eVitals.19>4</eVitals.19><eVitals.20>5</eVitals.20><eVitals.21>6</eVitals.21><eVitals.22>3322003</eVitals.22><eVitals.23>15</eVitals.23></eVitals.GlasgowScoreGroup><eVitals.TemperatureGroup><eVitals.24 xsi:nil="true" NV="7701003" /></eVitals.TemperatureGroup><eVitals.26>3326001</eVitals.26><eVitals.PainScaleGroup><eVitals.27>8</eVitals.27><eVitals.28 NV="7701003" xsi:nil="true" /></eVitals.PainScaleGroup><eVitals.StrokeScaleGroup><eVitals.29 NV="7701003" xsi:nil="true" /><eVitals.30 NV="7701003" xsi:nil="true" /></eVitals.StrokeScaleGroup><eVitals.31 NV="7701003" xsi:nil="true" /></eVitals.VitalGroup></eVitals><eExam><eExam.01>72.6</eExam.01><eExam.02 NV="7701003" xsi:nil="true" /><eExam.AssessmentGroup><eExam.03>2015-04-23T15:39:00-05:00</eExam.03><eExam.19>3519007</eExam.19><eExam.20>3520021</eExam.20></eExam.AssessmentGroup></eExam><eProtocols><eProtocols.ProtocolGroup><eProtocols.01>9914117</eProtocols.01><eProtocols.02>3602001</eProtocols.02></eProtocols.ProtocolGroup></eProtocols><eMedications><eMedications.MedicationGroup><eMedications.01>2015-04-23T15:54:28-05:00</eMedications.01><eMedications.02 NV="7701003" xsi:nil="true" /><eMedications.03>1191</eMedications.03><eMedications.04>9927035</eMedications.04><eMedications.DosageGroup><eMedications.05>324</eMedications.05><eMedications.06>3706021</eMedications.06></eMedications.DosageGroup><eMedications.07 NV="7701003" xsi:nil="true" /><eMedications.08 NV="7701003" xsi:nil="true" /><eMedications.09 xsi:nil="true" NV="7701001" /><eMedications.10 NV="7701003" xsi:nil="true" /></eMedications.MedicationGroup></eMedications><eProcedures><eProcedures.ProcedureGroup><eProcedures.01>2015-04-23T15:42:49-05:00</eProcedures.01><eProcedures.02 NV="7701003" xsi:nil="true" /><eProcedures.03>142008000</eProcedures.03><eProcedures.05 xsi:nil="true" NV="7701003" /><eProcedures.06 NV="7701003" xsi:nil="true" /><eProcedures.07 NV="7701003" xsi:nil="true" /><eProcedures.08 NV="7701003" xsi:nil="true" /><eProcedures.09>4066</eProcedures.09><eProcedures.10>9905013</eProcedures.10><eProcedures.13 xsi:nil="true" NV="7701001" /></eProcedures.ProcedureGroup><eProcedures.ProcedureGroup><eProcedures.01>2015-04-23T15:42:55-05:00</eProcedures.01><eProcedures.02 NV="7701003" xsi:nil="true" /><eProcedures.03>268400002</eProcedures.03><eProcedures.05 xsi:nil="true" NV="7701003" /><eProcedures.06 NV="7701003" xsi:nil="true" /><eProcedures.07>3907033</eProcedures.07><eProcedures.08 NV="7701003" xsi:nil="true" /><eProcedures.09>4066</eProcedures.09><eProcedures.10>9905013</eProcedures.10><eProcedures.13 xsi:nil="true" NV="7701001" /></eProcedures.ProcedureGroup><eProcedures.ProcedureGroup><eProcedures.01>2015-04-23T15:54:28-05:00</eProcedures.01><eProcedures.02 NV="7701003" xsi:nil="true" /><eProcedures.03>386339009</eProcedures.03><eProcedures.05 xsi:nil="true" NV="7701003" /><eProcedures.06 NV="7701003" xsi:nil="true" /><eProcedures.07 NV="7701003" xsi:nil="true" /><eProcedures.08 NV="7701003" xsi:nil="true" /><eProcedures.09>4066</eProcedures.09><eProcedures.10>9905013</eProcedures.10><eProcedures.13 xsi:nil="true" NV="7701001" /></eProcedures.ProcedureGroup></eProcedures><eDisposition><eDisposition.DestinationGroup><eDisposition.01>wN=?2;nk&lt;Twlpqjj]r^czR0B4SI0u}Yizu}30&gt;XPP\8Ldnp1V[3ZGjnTMy;]omt&lt;y=pxrgiNI=BNIb[D`HWIz|Q?6Xc53y^aeyQV</eDisposition.01><eDisposition.02 xsi:nil="true" NV="7701003" /><eDisposition.03>9753 Roxy Pl</eDisposition.03><eDisposition.04>25166</eDisposition.04><eDisposition.05>44</eDisposition.05><eDisposition.06>84766</eDisposition.06><eDisposition.07>68267</eDisposition.07></eDisposition.DestinationGroup><eDisposition.11>1</eDisposition.11><eDisposition.12>4212033</eDisposition.12><eDisposition.13>9909013</eDisposition.13><eDisposition.16>4216005</eDisposition.16><eDisposition.17>4217005</eDisposition.17><eDisposition.18>4218015</eDisposition.18><eDisposition.19>9916003</eDisposition.19><eDisposition.20>4220015</eDisposition.20><eDisposition.21 NV="7701003" xsi:nil="true" /><eDisposition.22 NV="7701003" xsi:nil="true" /><eDisposition.23>9908033</eDisposition.23><eDisposition.HospitalTeamActivationGroup><eDisposition.24 NV="7701003" xsi:nil="true" /><eDisposition.25 xsi:nil="true" NV="7701003" /></eDisposition.HospitalTeamActivationGroup></eDisposition><eOutcome><eOutcome.01 NV="7701003" xsi:nil="true" /><eOutcome.02 NV="7701003" xsi:nil="true" /><eOutcome.ExternalDataGroup /></eOutcome><eOther><eOther.EMSCrewMemberGroup><eOther.05 NV="7701003" xsi:nil="true" /><eOther.06 NV="7701003" xsi:nil="true" /></eOther.EMSCrewMemberGroup><eOther.08>[\AJEq]]bsCH`Ou</eOther.08><eOther.SignatureGroup><eOther.12>4512015</eOther.12><eOther.13>4513019</eOther.13><eOther.14>4514043</eOther.14><eOther.15>4515031</eOther.15><eOther.19>2015-04-23T15:54:06-05:00</eOther.19><eOther.20>Huckins</eOther.20><eOther.21>Paul</eOther.21></eOther.SignatureGroup></eOther></PatientCareReport></Header></EMSDataSet>