<EMSDataSet xmlns="http://www.nemsis.org" xmlns:xsi="http://www.w3.org/2001/XMLSchema-instance" xmlns:schemaLocation="http://www.nemsis.org http://nemsis.org/media/XSD_v3/_nemsis_v3.3.4/3.3.4.140328/XSDs/NEMSIS_XSDs_v3.3.4.140328/EMSDataSet_v3.xsd"><Header><DemographicGroup><dAgency.01>5043</dAgency.01><dAgency.02>5043</dAgency.02><dAgency.04>31</dAgency.04></DemographicGroup><PatientCareReport><eRecord><eRecord.01>GElqV;Y@k2P5RN@YbfjpGyxH`sNaLY^I</eRecord.01><eRecord.SoftwareApplicationGroup><eRecord.02>ZOLL</eRecord.02><eRecord.03>ePCR</eRecord.03><eRecord.04>1.0</eRecord.04></eRecord.SoftwareApplicationGroup></eRecord><eResponse><eResponse.AgencyGroup><eResponse.01>R6&gt;L6ERqpiQYA0&lt;</eResponse.01><eResponse.02>x\xo`k5XLKT@akvrAR6`L@rRLDv}[WO6_fT4Rh{[M[o0`5o6xt?6:NnghURLr5{ryM^xGqPWTYCnOqpGRp5eHHyAujJzE_fG^{5B</eResponse.02></eResponse.AgencyGroup><eResponse.03>0010982</eResponse.03><eResponse.04>0010982</eResponse.04><eResponse.ServiceGroup><eResponse.05>2205001</eResponse.05></eResponse.ServiceGroup><eResponse.07>2207003</eResponse.07><eResponse.08>2208013</eResponse.08><eResponse.09>2209011</eResponse.09><eResponse.10>2210017</eResponse.10><eResponse.11 NV="7701003" xsi:nil="true" /><eResponse.12 NV="7701003" xsi:nil="true" /><eResponse.13>Ttl6Se`_;0Htb:w20EZaQM2ZV</eResponse.13><eResponse.14>SBspy@Ql]p\4|A`fJ5uRSG:edGIQQo7qA^}Sjm@nt85HK|13wx</eResponse.14><eResponse.15>2215013</eResponse.15><eResponse.23>2223001</eResponse.23><eResponse.24>2224015</eResponse.24></eResponse><eDispatch><eDispatch.01>2301061</eDispatch.01><eDispatch.02>2302003</eDispatch.02></eDispatch><eCrew><eCrew.CrewGroup><eCrew.01>3262</eCrew.01><eCrew.02>9925019</eCrew.02><eCrew.03>2403013</eCrew.03></eCrew.CrewGroup><eCrew.CrewGroup><eCrew.01>4180</eCrew.01><eCrew.02>9925019</eCrew.02><eCrew.03>2403003</eCrew.03></eCrew.CrewGroup></eCrew><eTimes><eTimes.01 xsi:nil="true" NV="7701003" /><eTimes.02>2015-03-13T21:58:47-05:00</eTimes.02><eTimes.03>2015-03-13T21:58:53-05:00</eTimes.03><eTimes.05>2015-03-13T22:00:25-05:00</eTimes.05><eTimes.06>2015-03-13T22:02:40-05:00</eTimes.06><eTimes.07>2015-03-13T22:04:00-05:00</eTimes.07><eTimes.08 xsi:nil="true" NV="7701003" /><eTimes.09 xsi:nil="true" NV="7701003" /><eTimes.11 xsi:nil="true" NV="7701003" /><eTimes.12 xsi:nil="true" NV="7701003" /><eTimes.13>2015-03-13T22:19:30-05:00</eTimes.13></eTimes><ePatient><ePatient.PatientNameGroup><ePatient.02>Byrne</ePatient.02><ePatient.03>Eugene</ePatient.03></ePatient.PatientNameGroup><ePatient.06>22753</ePatient.06><ePatient.07>19656</ePatient.07><ePatient.08>02</ePatient.08><ePatient.09>23965</ePatient.09><ePatient.10>US</ePatient.10><ePatient.13>9906001</ePatient.13><ePatient.14>2514011</ePatient.14><ePatient.AgeGroup><ePatient.15>53</ePatient.15><ePatient.16>2516009</ePatient.16></ePatient.AgeGroup><ePatient.17>1920-02-18</ePatient.17></ePatient><ePayment><ePayment.01 NV="7701003" xsi:nil="true" /><ePayment.CertificateGroup /><ePayment.ClosestRelativeGroup /><ePayment.EmployerGroup /><ePayment.50 NV="7701003" xsi:nil="true" /></ePayment><eScene><eScene.01>9923003</eScene.01><eScene.06>2707005</eScene.06><eScene.07>9923001</eScene.07><eScene.08 NV="7701003" xsi:nil="true" /><eScene.09>Y92.03</eScene.09><eScene.10 NV="7701003" xsi:nil="true" /><eScene.14 NV="7701003" xsi:nil="true" /><eScene.15 StreetAddress2="120">8844 Adair Hollow Rd</eScene.15><eScene.16 xsi:nil="true" NV="7701003" /><eScene.17>40629</eScene.17><eScene.18>43</eScene.18><eScene.19>75876</eScene.19><eScene.20 xsi:nil="true" NV="7701003" /><eScene.21>75056</eScene.21><eScene.22>US</eScene.22></eScene><eSituation><eSituation.01>2015-03-13T07:00:00-05:00</eSituation.01><eSituation.02 NV="7701003" xsi:nil="true" /><eSituation.PatientComplaintGroup><eSituation.03>2803001</eSituation.03><eSituation.04>Vomiting</eSituation.04><eSituation.05>1</eSituation.05><eSituation.06>2806007</eSituation.06></eSituation.PatientComplaintGroup><eSituation.PatientComplaintGroup><eSituation.03>2803005</eSituation.03><eSituation.04>Weakness</eSituation.04><eSituation.05>1</eSituation.05><eSituation.06>2806007</eSituation.06></eSituation.PatientComplaintGroup><eSituation.07>2807015</eSituation.07><eSituation.08>2808001</eSituation.08><eSituation.09>R45.82</eSituation.09><eSituation.10>R53.1</eSituation.10><eSituation.11>F41.9</eSituation.11><eSituation.12>F99</eSituation.12><eSituation.13>2813001</eSituation.13><eSituation.WorkRelatedGroup><eSituation.14 NV="7701003" xsi:nil="true" /></eSituation.WorkRelatedGroup><eSituation.17 NV="7701003" xsi:nil="true" /></eSituation><eInjury><eInjury.01 NV="7701003" xsi:nil="true" /><eInjury.02 NV="7701003" xsi:nil="true" /><eInjury.03 NV="7701003" xsi:nil="true" /><eInjury.04 NV="7701003" xsi:nil="true" /><eInjury.07 NV="7701003" xsi:nil="true" /><eInjury.CollisionGroup><eInjury.SeatGroup /></eInjury.CollisionGroup></eInjury><eArrest><eArrest.01 NV="7701003" xsi:nil="true" /><eArrest.02 NV="7701003" xsi:nil="true" /><eArrest.03 NV="7701003" xsi:nil="true" /><eArrest.04 NV="7701003" xsi:nil="true" /><eArrest.05 NV="7701003" xsi:nil="true" /><eArrest.07 NV="7701003" xsi:nil="true" /><eArrest.09 NV="7701003" xsi:nil="true" /><eArrest.10 NV="7701003" xsi:nil="true" /><eArrest.11 NV="7701003" xsi:nil="true" /><eArrest.12 NV="7701003" xsi:nil="true" /><eArrest.14 xsi:nil="true" NV="7701003" /><eArrest.15 xsi:nil="true" NV="7701003" /><eArrest.16 NV="7701003" xsi:nil="true" /><eArrest.17 NV="7701003" xsi:nil="true" /><eArrest.18 NV="7701003" xsi:nil="true" /></eArrest><eHistory><eHistory.01>3101009</eHistory.01><eHistory.05>3105005</eHistory.05><eHistory.06 xsi:nil="true" PN="8801013" /><eHistory.07>160244002</eHistory.07><eHistory.08>F41.9</eHistory.08><eHistory.08>F41.9</eHistory.08><eHistory.08>F33.1</eHistory.08><eHistory.08>F33.1</eHistory.08><eHistory.08>F69</eHistory.08><eHistory.08>F69</eHistory.08><eHistory.ImmunizationsGroup /><eHistory.CurrentMedsGroup><eHistory.12 xsi:nil="true" PN="8801023" /></eHistory.CurrentMedsGroup><eHistory.17 NV="7701003" xsi:nil="true" /></eHistory><eNarrative></eNarrative><eVitals><eVitals.VitalGroup><eVitals.01>2015-03-13T22:07:35-05:00</eVitals.01><eVitals.02>9923001</eVitals.02><eVitals.CardiacRhythmGroup><eVitals.03 NV="7701003" xsi:nil="true" /><eVitals.04 NV="7701003" xsi:nil="true" /><eVitals.05 NV="7701003" xsi:nil="true" /></eVitals.CardiacRhythmGroup><eVitals.BloodPressureGroup><eVitals.06>210</eVitals.06><eVitals.07>120</eVitals.07><eVitals.08>3308007</eVitals.08></eVitals.BloodPressureGroup><eVitals.HeartRateGroup><eVitals.10>120</eVitals.10></eVitals.HeartRateGroup><eVitals.12>98</eVitals.12><eVitals.14>16</eVitals.14><eVitals.15>3315007</eVitals.15><eVitals.16 xsi:nil="true" NV="7701003" /><eVitals.17 xsi:nil="true" NV="7701003" /><eVitals.18 xsi:nil="true" NV="7701003" /><eVitals.GlasgowScoreGroup><eVitals.19>4</eVitals.19><eVitals.20>5</eVitals.20><eVitals.21>6</eVitals.21><eVitals.22>3322003</eVitals.22><eVitals.23>15</eVitals.23></eVitals.GlasgowScoreGroup><eVitals.TemperatureGroup><eVitals.24 xsi:nil="true" NV="7701003" /></eVitals.TemperatureGroup><eVitals.26>3326001</eVitals.26><eVitals.PainScaleGroup><eVitals.27>7</eVitals.27><eVitals.28 NV="7701003" xsi:nil="true" /></eVitals.PainScaleGroup><eVitals.StrokeScaleGroup><eVitals.29>3329001</eVitals.29><eVitals.30>3330001</eVitals.30></eVitals.StrokeScaleGroup><eVitals.31 NV="7701003" xsi:nil="true" /></eVitals.VitalGroup></eVitals><eExam><eExam.01>181.4</eExam.01><eExam.02 NV="7701003" xsi:nil="true" /><eExam.AssessmentGroup><eExam.03>2015-03-13T22:07:35-05:00</eExam.03><eExam.04>3504021</eExam.04><eExam.05>3505033</eExam.05><eExam.05>3505033</eExam.05><eExam.05>3505033</eExam.05><eExam.06>3506035</eExam.06><eExam.06>3506035</eExam.06><eExam.06>3506035</eExam.06><eExam.07>3507029</eExam.07><eExam.08>3508053</eExam.08><eExam.09>3509009</eExam.09><eExam.09>3509011</eExam.09><eExam.AbdomenGroup><eExam.10>3510005</eExam.10><eExam.11>3511037</eExam.11></eExam.AbdomenGroup><eExam.AbdomenGroup><eExam.10>3510003</eExam.10><eExam.11>3511037</eExam.11></eExam.AbdomenGroup><eExam.AbdomenGroup><eExam.10>3510011</eExam.10><eExam.11>3511037</eExam.11></eExam.AbdomenGroup><eExam.AbdomenGroup><eExam.10>3510009</eExam.10><eExam.11>3511037</eExam.11></eExam.AbdomenGroup><eExam.AbdomenGroup><eExam.10>3510001</eExam.10><eExam.11>3511037</eExam.11></eExam.AbdomenGroup><eExam.AbdomenGroup><eExam.10>3510007</eExam.10><eExam.11>3511037</eExam.11></eExam.AbdomenGroup><eExam.12>3512037</eExam.12><eExam.12>3512037</eExam.12><eExam.SpineGroup><eExam.13>3513003</eExam.13><eExam.14>3514027</eExam.14></eExam.SpineGroup><eExam.SpineGroup><eExam.13>3513005</eExam.13><eExam.14>3514027</eExam.14></eExam.SpineGroup><eExam.SpineGroup><eExam.13>3513007</eExam.13><eExam.14>3514027</eExam.14></eExam.SpineGroup><eExam.SpineGroup><eExam.13>3513001</eExam.13><eExam.14>3514027</eExam.14></eExam.SpineGroup><eExam.SpineGroup><eExam.13>3513021</eExam.13><eExam.14>3514027</eExam.14></eExam.SpineGroup><eExam.SpineGroup><eExam.13>3513023</eExam.13><eExam.14>3514027</eExam.14></eExam.SpineGroup><eExam.SpineGroup><eExam.13>3513025</eExam.13><eExam.14>3514027</eExam.14></eExam.SpineGroup><eExam.SpineGroup><eExam.13>3513015</eExam.13><eExam.14>3514027</eExam.14></eExam.SpineGroup><eExam.SpineGroup><eExam.13>3513017</eExam.13><eExam.14>3514027</eExam.14></eExam.SpineGroup><eExam.SpineGroup><eExam.13>3513019</eExam.13><eExam.14>3514027</eExam.14></eExam.SpineGroup><eExam.SpineGroup><eExam.13>3513009</eExam.13><eExam.14>3514027</eExam.14></eExam.SpineGroup><eExam.SpineGroup><eExam.13>3513011</eExam.13><eExam.14>3514027</eExam.14></eExam.SpineGroup><eExam.SpineGroup><eExam.13>3513013</eExam.13><eExam.14>3514027</eExam.14></eExam.SpineGroup><eExam.ExtremityGroup><eExam.15>3515007</eExam.15><eExam.16>3516049</eExam.16><eExam.16>3516049</eExam.16></eExam.ExtremityGroup><eExam.ExtremityGroup><eExam.15>3515067</eExam.15><eExam.16>3516049</eExam.16><eExam.16>3516049</eExam.16></eExam.ExtremityGroup><eExam.ExtremityGroup><eExam.15>3515011</eExam.15><eExam.16>3516049</eExam.16><eExam.16>3516049</eExam.16></eExam.ExtremityGroup><eExam.ExtremityGroup><eExam.15>3515039</eExam.15><eExam.16>3516049</eExam.16><eExam.16>3516049</eExam.16></eExam.ExtremityGroup><eExam.ExtremityGroup><eExam.15>3515095</eExam.15><eExam.16>3516049</eExam.16><eExam.16>3516049</eExam.16></eExam.ExtremityGroup><eExam.ExtremityGroup><eExam.15>3515047</eExam.15><eExam.16>3516049</eExam.16><eExam.16>3516049</eExam.16></eExam.ExtremityGroup><eExam.ExtremityGroup><eExam.15>3515043</eExam.15><eExam.16>3516049</eExam.16><eExam.16>3516049</eExam.16></eExam.ExtremityGroup><eExam.ExtremityGroup><eExam.15>3515015</eExam.15><eExam.16>3516049</eExam.16><eExam.16>3516049</eExam.16></eExam.ExtremityGroup><eExam.ExtremityGroup><eExam.15>3515019</eExam.15><eExam.16>3516049</eExam.16><eExam.16>3516049</eExam.16></eExam.ExtremityGroup><eExam.ExtremityGroup><eExam.15>3515023</eExam.15><eExam.16>3516049</eExam.16><eExam.16>3516049</eExam.16></eExam.ExtremityGroup><eExam.ExtremityGroup><eExam.15>3515027</eExam.15><eExam.16>3516049</eExam.16><eExam.16>3516049</eExam.16></eExam.ExtremityGroup><eExam.ExtremityGroup><eExam.15>3515071</eExam.15><eExam.16>3516049</eExam.16><eExam.16>3516049</eExam.16></eExam.ExtremityGroup><eExam.ExtremityGroup><eExam.15>3515065</eExam.15><eExam.16>3516049</eExam.16><eExam.16>3516049</eExam.16></eExam.ExtremityGroup><eExam.ExtremityGroup><eExam.15>3515009</eExam.15><eExam.16>3516049</eExam.16><eExam.16>3516049</eExam.16></eExam.ExtremityGroup><eExam.ExtremityGroup><eExam.15>3515005</eExam.15><eExam.16>3516049</eExam.16><eExam.16>3516049</eExam.16></eExam.ExtremityGroup><eExam.ExtremityGroup><eExam.15>3515037</eExam.15><eExam.16>3516049</eExam.16><eExam.16>3516049</eExam.16></eExam.ExtremityGroup><eExam.ExtremityGroup><eExam.15>3515093</eExam.15><eExam.16>3516049</eExam.16><eExam.16>3516049</eExam.16></eExam.ExtremityGroup><eExam.ExtremityGroup><eExam.15>3515045</eExam.15><eExam.16>3516049</eExam.16><eExam.16>3516049</eExam.16></eExam.ExtremityGroup><eExam.ExtremityGroup><eExam.15>3515041</eExam.15><eExam.16>3516049</eExam.16><eExam.16>3516049</eExam.16></eExam.ExtremityGroup><eExam.ExtremityGroup><eExam.15>3515013</eExam.15><eExam.16>3516049</eExam.16><eExam.16>3516049</eExam.16></eExam.ExtremityGroup><eExam.ExtremityGroup><eExam.15>3515017</eExam.15><eExam.16>3516049</eExam.16><eExam.16>3516049</eExam.16></eExam.ExtremityGroup><eExam.ExtremityGroup><eExam.15>3515021</eExam.15><eExam.16>3516049</eExam.16><eExam.16>3516049</eExam.16></eExam.ExtremityGroup><eExam.ExtremityGroup><eExam.15>3515025</eExam.15><eExam.16>3516049</eExam.16><eExam.16>3516049</eExam.16></eExam.ExtremityGroup><eExam.ExtremityGroup><eExam.15>3515069</eExam.15><eExam.16>3516049</eExam.16><eExam.16>3516049</eExam.16></eExam.ExtremityGroup><eExam.ExtremityGroup><eExam.15>3515053</eExam.15><eExam.16>3516049</eExam.16><eExam.16>3516049</eExam.16></eExam.ExtremityGroup><eExam.ExtremityGroup><eExam.15>3515035</eExam.15><eExam.16>3516049</eExam.16><eExam.16>3516049</eExam.16></eExam.ExtremityGroup><eExam.ExtremityGroup><eExam.15>3515031</eExam.15><eExam.16>3516049</eExam.16><eExam.16>3516049</eExam.16></eExam.ExtremityGroup><eExam.ExtremityGroup><eExam.15>3515075</eExam.15><eExam.16>3516049</eExam.16><eExam.16>3516049</eExam.16></eExam.ExtremityGroup><eExam.ExtremityGroup><eExam.15>3515079</eExam.15><eExam.16>3516049</eExam.16><eExam.16>3516049</eExam.16></eExam.ExtremityGroup><eExam.ExtremityGroup><eExam.15>3515083</eExam.15><eExam.16>3516049</eExam.16><eExam.16>3516049</eExam.16></eExam.ExtremityGroup><eExam.ExtremityGroup><eExam.15>3515087</eExam.15><eExam.16>3516049</eExam.16><eExam.16>3516049</eExam.16></eExam.ExtremityGroup><eExam.ExtremityGroup><eExam.15>3515091</eExam.15><eExam.16>3516049</eExam.16><eExam.16>3516049</eExam.16></eExam.ExtremityGroup><eExam.ExtremityGroup><eExam.15>3515063</eExam.15><eExam.16>3516049</eExam.16><eExam.16>3516049</eExam.16></eExam.ExtremityGroup><eExam.ExtremityGroup><eExam.15>3515051</eExam.15><eExam.16>3516049</eExam.16><eExam.16>3516049</eExam.16></eExam.ExtremityGroup><eExam.ExtremityGroup><eExam.15>3515059</eExam.15><eExam.16>3516049</eExam.16><eExam.16>3516049</eExam.16></eExam.ExtremityGroup><eExam.ExtremityGroup><eExam.15>3515003</eExam.15><eExam.16>3516049</eExam.16><eExam.16>3516049</eExam.16></eExam.ExtremityGroup><eExam.ExtremityGroup><eExam.15>3515055</eExam.15><eExam.16>3516049</eExam.16><eExam.16>3516049</eExam.16></eExam.ExtremityGroup><eExam.ExtremityGroup><eExam.15>3515049</eExam.15><eExam.16>3516049</eExam.16><eExam.16>3516049</eExam.16></eExam.ExtremityGroup><eExam.ExtremityGroup><eExam.15>3515061</eExam.15><eExam.16>3516049</eExam.16><eExam.16>3516049</eExam.16></eExam.ExtremityGroup><eExam.ExtremityGroup><eExam.15>3515057</eExam.15><eExam.16>3516049</eExam.16><eExam.16>3516049</eExam.16></eExam.ExtremityGroup><eExam.ExtremityGroup><eExam.15>3515033</eExam.15><eExam.16>3516049</eExam.16><eExam.16>3516049</eExam.16></eExam.ExtremityGroup><eExam.ExtremityGroup><eExam.15>3515029</eExam.15><eExam.16>3516049</eExam.16><eExam.16>3516049</eExam.16></eExam.ExtremityGroup><eExam.ExtremityGroup><eExam.15>3515073</eExam.15><eExam.16>3516049</eExam.16><eExam.16>3516049</eExam.16></eExam.ExtremityGroup><eExam.ExtremityGroup><eExam.15>3515077</eExam.15><eExam.16>3516049</eExam.16><eExam.16>3516049</eExam.16></eExam.ExtremityGroup><eExam.ExtremityGroup><eExam.15>3515081</eExam.15><eExam.16>3516049</eExam.16><eExam.16>3516049</eExam.16></eExam.ExtremityGroup><eExam.ExtremityGroup><eExam.15>3515085</eExam.15><eExam.16>3516049</eExam.16><eExam.16>3516049</eExam.16></eExam.ExtremityGroup><eExam.ExtremityGroup><eExam.15>3515089</eExam.15><eExam.16>3516049</eExam.16><eExam.16>3516049</eExam.16></eExam.ExtremityGroup><eExam.ExtremityGroup><eExam.15>3515001</eExam.15><eExam.16>3516049</eExam.16><eExam.16>3516049</eExam.16></eExam.ExtremityGroup><eExam.EyeGroup><eExam.17>3517005</eExam.17><eExam.18>3518051</eExam.18></eExam.EyeGroup><eExam.EyeGroup><eExam.17>3517001</eExam.17><eExam.18>3518047</eExam.18><eExam.18>3518057</eExam.18></eExam.EyeGroup><eExam.EyeGroup><eExam.17>3517003</eExam.17><eExam.18>3518051</eExam.18></eExam.EyeGroup><eExam.19>3519007</eExam.19><eExam.20>3520021</eExam.20></eExam.AssessmentGroup></eExam><eProtocols><eProtocols.ProtocolGroup><eProtocols.01 NV="7701003" xsi:nil="true" /><eProtocols.02 NV="7701003" xsi:nil="true" /></eProtocols.ProtocolGroup></eProtocols><eMedications><eMedications.MedicationGroup><eMedications.01 xsi:nil="true" NV="7701003" /><eMedications.02 NV="7701003" xsi:nil="true" /><eMedications.03 NV="7701003" xsi:nil="true" /><eMedications.DosageGroup><eMedications.05 xsi:nil="true" NV="7701003" /><eMedications.06 NV="7701003" xsi:nil="true" /></eMedications.DosageGroup><eMedications.07 NV="7701003" xsi:nil="true" /><eMedications.08 NV="7701003" xsi:nil="true" /><eMedications.09 NV="7701003" xsi:nil="true" /><eMedications.10 NV="7701003" xsi:nil="true" /></eMedications.MedicationGroup></eMedications><eProcedures><eProcedures.ProcedureGroup><eProcedures.01 xsi:nil="true" NV="7701003" /><eProcedures.02 NV="7701003" xsi:nil="true" /><eProcedures.03 NV="7701003" xsi:nil="true" /><eProcedures.05 xsi:nil="true" NV="7701003" /><eProcedures.06 NV="7701003" xsi:nil="true" /><eProcedures.07 NV="7701003" xsi:nil="true" /><eProcedures.08 NV="7701003" xsi:nil="true" /><eProcedures.09 NV="7701003" xsi:nil="true" /><eProcedures.10 NV="7701003" xsi:nil="true" /><eProcedures.13 NV="7701003" xsi:nil="true" /></eProcedures.ProcedureGroup></eProcedures><eDisposition><eDisposition.DestinationGroup><eDisposition.01 xsi:nil="true" NV="7701003" /><eDisposition.02 NV="7701003" xsi:nil="true" /><eDisposition.05 xsi:nil="true" NV="7701003" /><eDisposition.06 xsi:nil="true" NV="7701003" /><eDisposition.07 xsi:nil="true" NV="7701003" /></eDisposition.DestinationGroup><eDisposition.11 xsi:nil="true" NV="7701003" /><eDisposition.12>4212037</eDisposition.12><eDisposition.16 NV="7701003" xsi:nil="true" /><eDisposition.17 NV="7701003" xsi:nil="true" /><eDisposition.18 NV="7701003" xsi:nil="true" /><eDisposition.19 NV="7701003" xsi:nil="true" /><eDisposition.20 NV="7701003" xsi:nil="true" /><eDisposition.21 NV="7701003" xsi:nil="true" /><eDisposition.22 NV="7701003" xsi:nil="true" /><eDisposition.23 NV="7701003" xsi:nil="true" /><eDisposition.HospitalTeamActivationGroup><eDisposition.24 NV="7701003" xsi:nil="true" /><eDisposition.25 xsi:nil="true" NV="7701003" /></eDisposition.HospitalTeamActivationGroup></eDisposition><eOutcome><eOutcome.01 NV="7701003" xsi:nil="true" /><eOutcome.02 NV="7701003" xsi:nil="true" /><eOutcome.ExternalDataGroup /></eOutcome><eOther><eOther.EMSCrewMemberGroup><eOther.05 NV="7701003" xsi:nil="true" /><eOther.06 NV="7701003" xsi:nil="true" /></eOther.EMSCrewMemberGroup><eOther.08>pNA&lt;yZs7\KBpJeE</eOther.08><eOther.SignatureGroup><eOther.12>4512017</eOther.12><eOther.13>4513019</eOther.13><eOther.14>4514009</eOther.14><eOther.19>2015-03-13T22:14:03-05:00</eOther.19><eOther.20>Frame</eOther.20><eOther.21>Kaye</eOther.21></eOther.SignatureGroup><eOther.SignatureGroup><eOther.12>4512015</eOther.12><eOther.13>4513019</eOther.13><eOther.14>4514043</eOther.14><eOther.19>2015-03-13T22:15:08-05:00</eOther.19><eOther.20>Lear</eOther.20><eOther.21>Michelle</eOther.21></eOther.SignatureGroup></eOther></PatientCareReport></Header></EMSDataSet>