<EMSDataSet xmlns="http://www.nemsis.org" xmlns:xsi="http://www.w3.org/2001/XMLSchema-instance" xmlns:schemaLocation="http://www.nemsis.org http://nemsis.org/media/XSD_v3/_nemsis_v3.3.4/3.3.4.140328/XSDs/NEMSIS_XSDs_v3.3.4.140328/EMSDataSet_v3.xsd"><Header><DemographicGroup><dAgency.01>5043</dAgency.01><dAgency.02>5043</dAgency.02><dAgency.04>31</dAgency.04></DemographicGroup><PatientCareReport><eRecord><eRecord.01>iYZIRBaSsaW;H{jv[lqJ\zeKjD8Lf1HV</eRecord.01><eRecord.SoftwareApplicationGroup><eRecord.02>ZOLL</eRecord.02><eRecord.03>ePCR</eRecord.03><eRecord.04>1.0</eRecord.04></eRecord.SoftwareApplicationGroup></eRecord><eResponse><eResponse.AgencyGroup><eResponse.01>\@JnQAI8w3g5`uR</eResponse.01><eResponse.02>FsIxi4Wmlq?\&gt;9EkrI1]7`yTISiPXC`hsopWM7]Q4Q[{Ac:|bFsj_GJcwr^EI6DYAUgLGkNki^Xd5|CdIjlAMs9[U&lt;]XWG8|&lt;1jj</eResponse.02></eResponse.AgencyGroup><eResponse.03>0017753</eResponse.03><eResponse.04>0017753</eResponse.04><eResponse.ServiceGroup><eResponse.05>2205001</eResponse.05></eResponse.ServiceGroup><eResponse.07>2207003</eResponse.07><eResponse.08>2208013</eResponse.08><eResponse.09>2209011</eResponse.09><eResponse.10 NV="7701003" xsi:nil="true" /><eResponse.11 NV="7701003" xsi:nil="true" /><eResponse.12 NV="7701003" xsi:nil="true" /><eResponse.13>yketv800ld^y_wz\G2&lt;KL;u:&gt;</eResponse.13><eResponse.14>sCRUZW3BWh[4vIEs8mn[av]JYd9sNNnsZe2r[YB&lt;[g8&gt;OXOgtV</eResponse.14><eResponse.15>2215013</eResponse.15><eResponse.23>2223001</eResponse.23><eResponse.24>2224015</eResponse.24></eResponse><eDispatch><eDispatch.01>2301027</eDispatch.01><eDispatch.02>2302003</eDispatch.02></eDispatch><eCrew><eCrew.CrewGroup><eCrew.01>3843</eCrew.01><eCrew.02>9925019</eCrew.02><eCrew.03>2403013</eCrew.03></eCrew.CrewGroup><eCrew.CrewGroup><eCrew.01>4078</eCrew.01><eCrew.02>9925019</eCrew.02><eCrew.03>2403003</eCrew.03></eCrew.CrewGroup></eCrew><eTimes><eTimes.01 xsi:nil="true" NV="7701003" /><eTimes.02>2015-04-24T04:51:23-05:00</eTimes.02><eTimes.03>2015-04-24T04:51:38-05:00</eTimes.03><eTimes.05>2015-04-24T04:53:33-05:00</eTimes.05><eTimes.06>2015-04-24T04:57:45-05:00</eTimes.06><eTimes.07>2015-04-24T04:58:00-05:00</eTimes.07><eTimes.08 xsi:nil="true" NV="7701003" /><eTimes.09 xsi:nil="true" NV="7701003" /><eTimes.11 xsi:nil="true" NV="7701003" /><eTimes.12 xsi:nil="true" NV="7701003" /><eTimes.13>2015-04-24T05:09:31-05:00</eTimes.13></eTimes><ePatient><ePatient.PatientNameGroup><ePatient.02>Fitzpatrick</ePatient.02><ePatient.03>Gretchen</ePatient.03></ePatient.PatientNameGroup><ePatient.05>911 Marvette</ePatient.05><ePatient.06>59273</ePatient.06><ePatient.07>97139</ePatient.07><ePatient.08>37</ePatient.08><ePatient.09>19436</ePatient.09><ePatient.13>9906003</ePatient.13><ePatient.14>2514005</ePatient.14><ePatient.AgeGroup><ePatient.15>70</ePatient.15><ePatient.16>2516009</ePatient.16></ePatient.AgeGroup><ePatient.17>2007-10-11</ePatient.17></ePatient><ePayment><ePayment.01 NV="7701003" xsi:nil="true" /><ePayment.CertificateGroup /><ePayment.ClosestRelativeGroup /><ePayment.EmployerGroup /><ePayment.50 NV="7701003" xsi:nil="true" /></ePayment><eScene><eScene.01>9923001</eScene.01><eScene.06>2707005</eScene.06><eScene.07>9923001</eScene.07><eScene.08 NV="7701003" xsi:nil="true" /><eScene.09>Y92.01</eScene.09><eScene.10 NV="7701003" xsi:nil="true" /><eScene.14 NV="7701003" xsi:nil="true" /><eScene.15>1733 Old Goodie Mountain Rd</eScene.15><eScene.16 xsi:nil="true" NV="7701003" /><eScene.17>20513</eScene.17><eScene.18>51</eScene.18><eScene.19>71738</eScene.19><eScene.20 xsi:nil="true" NV="7701003" /><eScene.21>56318</eScene.21><eScene.22>US</eScene.22></eScene><eSituation><eSituation.01>2015-04-24T04:51:00-05:00</eSituation.01><eSituation.02>9922001</eSituation.02><eSituation.PatientComplaintGroup><eSituation.03>2803001</eSituation.03><eSituation.04>Hypoglycemia</eSituation.04><eSituation.05 xsi:nil="true" NV="7701003" /><eSituation.06 NV="7701003" xsi:nil="true" /></eSituation.PatientComplaintGroup><eSituation.07>2807011</eSituation.07><eSituation.08>2808011</eSituation.08><eSituation.09>R53.1</eSituation.09><eSituation.10 NV="7701003" xsi:nil="true" /><eSituation.11>E13.64</eSituation.11><eSituation.12 xsi:nil="true" NV="7701003" /><eSituation.13 NV="7701003" xsi:nil="true" /><eSituation.WorkRelatedGroup><eSituation.14 NV="7701003" xsi:nil="true" /></eSituation.WorkRelatedGroup><eSituation.17 NV="7701003" xsi:nil="true" /></eSituation><eInjury><eInjury.01 NV="7701003" xsi:nil="true" /><eInjury.02 NV="7701003" xsi:nil="true" /><eInjury.03 NV="7701003" xsi:nil="true" /><eInjury.04 NV="7701003" xsi:nil="true" /><eInjury.07 NV="7701003" xsi:nil="true" /><eInjury.CollisionGroup><eInjury.SeatGroup /></eInjury.CollisionGroup></eInjury><eArrest><eArrest.01 NV="7701003" xsi:nil="true" /><eArrest.02 NV="7701003" xsi:nil="true" /><eArrest.03 NV="7701003" xsi:nil="true" /><eArrest.04 NV="7701003" xsi:nil="true" /><eArrest.05 NV="7701003" xsi:nil="true" /><eArrest.07 NV="7701003" xsi:nil="true" /><eArrest.09 NV="7701003" xsi:nil="true" /><eArrest.10 NV="7701003" xsi:nil="true" /><eArrest.11 NV="7701003" xsi:nil="true" /><eArrest.12 NV="7701003" xsi:nil="true" /><eArrest.14 xsi:nil="true" NV="7701003" /><eArrest.15 xsi:nil="true" NV="7701003" /><eArrest.16 NV="7701003" xsi:nil="true" /><eArrest.17 NV="7701003" xsi:nil="true" /><eArrest.18 NV="7701003" xsi:nil="true" /></eArrest><eHistory><eHistory.01>3101009</eHistory.01><eHistory.05>3105007</eHistory.05><eHistory.06 NV="7701003" xsi:nil="true" /><eHistory.08>E10</eHistory.08><eHistory.08>I11</eHistory.08><eHistory.ImmunizationsGroup /><eHistory.17 NV="7701003" xsi:nil="true" /></eHistory><eNarrative></eNarrative><eVitals><eVitals.VitalGroup><eVitals.01>2015-04-24T05:00:58-05:00</eVitals.01><eVitals.02 NV="7701003" xsi:nil="true" /><eVitals.CardiacRhythmGroup><eVitals.03 NV="7701003" xsi:nil="true" /><eVitals.04 NV="7701003" xsi:nil="true" /><eVitals.05 NV="7701003" xsi:nil="true" /></eVitals.CardiacRhythmGroup><eVitals.BloodPressureGroup><eVitals.06>156</eVitals.06><eVitals.07>80</eVitals.07><eVitals.08>3308005</eVitals.08></eVitals.BloodPressureGroup><eVitals.HeartRateGroup><eVitals.10 xsi:nil="true" NV="7701003" /></eVitals.HeartRateGroup><eVitals.12 xsi:nil="true" NV="7701003" /><eVitals.14 xsi:nil="true" NV="7701003" /><eVitals.16 xsi:nil="true" NV="7701003" /><eVitals.17 xsi:nil="true" NV="7701003" /><eVitals.18>56</eVitals.18><eVitals.GlasgowScoreGroup><eVitals.19 NV="7701003" xsi:nil="true" /><eVitals.20 NV="7701003" xsi:nil="true" /><eVitals.21 NV="7701003" xsi:nil="true" /><eVitals.22 NV="7701003" xsi:nil="true" /><eVitals.23 xsi:nil="true" NV="7701003" /></eVitals.GlasgowScoreGroup><eVitals.TemperatureGroup><eVitals.24 xsi:nil="true" NV="7701003" /></eVitals.TemperatureGroup><eVitals.26 NV="7701003" xsi:nil="true" /><eVitals.PainScaleGroup><eVitals.27 xsi:nil="true" NV="7701003" /><eVitals.28 NV="7701003" xsi:nil="true" /></eVitals.PainScaleGroup><eVitals.StrokeScaleGroup><eVitals.29 NV="7701003" xsi:nil="true" /><eVitals.30 NV="7701003" xsi:nil="true" /></eVitals.StrokeScaleGroup><eVitals.31 NV="7701003" xsi:nil="true" /></eVitals.VitalGroup></eVitals><eExam><eExam.01>68.0</eExam.01><eExam.02 NV="7701003" xsi:nil="true" /><eExam.AssessmentGroup><eExam.03>2015-04-24T05:00:58-05:00</eExam.03><eExam.19>3519015</eExam.19><eExam.19>3519011</eExam.19><eExam.19>3519013</eExam.19><eExam.19>3519017</eExam.19><eExam.20>3520021</eExam.20></eExam.AssessmentGroup></eExam><eProtocols><eProtocols.ProtocolGroup><eProtocols.01>9914075</eProtocols.01><eProtocols.02>3602001</eProtocols.02></eProtocols.ProtocolGroup></eProtocols><eMedications><eMedications.MedicationGroup><eMedications.01 xsi:nil="true" NV="7701003" /><eMedications.02 NV="7701003" xsi:nil="true" /><eMedications.03 NV="7701003" xsi:nil="true" /><eMedications.DosageGroup><eMedications.05 xsi:nil="true" NV="7701003" /><eMedications.06 NV="7701003" xsi:nil="true" /></eMedications.DosageGroup><eMedications.07 NV="7701003" xsi:nil="true" /><eMedications.08 NV="7701003" xsi:nil="true" /><eMedications.09 NV="7701003" xsi:nil="true" /><eMedications.10 NV="7701003" xsi:nil="true" /></eMedications.MedicationGroup></eMedications><eProcedures><eProcedures.ProcedureGroup><eProcedures.01 xsi:nil="true" NV="7701003" /><eProcedures.02 NV="7701003" xsi:nil="true" /><eProcedures.03 NV="7701003" xsi:nil="true" /><eProcedures.05 xsi:nil="true" NV="7701003" /><eProcedures.06 NV="7701003" xsi:nil="true" /><eProcedures.07 NV="7701003" xsi:nil="true" /><eProcedures.08 NV="7701003" xsi:nil="true" /><eProcedures.10 NV="7701003" xsi:nil="true" /><eProcedures.13 NV="7701003" xsi:nil="true" /></eProcedures.ProcedureGroup></eProcedures><eDisposition><eDisposition.DestinationGroup><eDisposition.01 xsi:nil="true" NV="7701003" /><eDisposition.02 NV="7701003" xsi:nil="true" /><eDisposition.05 xsi:nil="true" NV="7701003" /><eDisposition.06 xsi:nil="true" NV="7701003" /><eDisposition.07 xsi:nil="true" NV="7701003" /></eDisposition.DestinationGroup><eDisposition.11 xsi:nil="true" NV="7701003" /><eDisposition.12>4212029</eDisposition.12><eDisposition.16 NV="7701003" xsi:nil="true" /><eDisposition.17 NV="7701003" xsi:nil="true" /><eDisposition.18 NV="7701003" xsi:nil="true" /><eDisposition.19 NV="7701003" xsi:nil="true" /><eDisposition.20 NV="7701003" xsi:nil="true" /><eDisposition.21 NV="7701003" xsi:nil="true" /><eDisposition.22 NV="7701003" xsi:nil="true" /><eDisposition.23 NV="7701003" xsi:nil="true" /><eDisposition.HospitalTeamActivationGroup><eDisposition.24 NV="7701003" xsi:nil="true" /><eDisposition.25 xsi:nil="true" NV="7701003" /></eDisposition.HospitalTeamActivationGroup></eDisposition><eOutcome><eOutcome.01 NV="7701003" xsi:nil="true" /><eOutcome.02 NV="7701003" xsi:nil="true" /><eOutcome.ExternalDataGroup /></eOutcome><eOther><eOther.EMSCrewMemberGroup><eOther.05 NV="7701003" xsi:nil="true" /><eOther.06 NV="7701003" xsi:nil="true" /></eOther.EMSCrewMemberGroup><eOther.08>@GQG]Zb}xmOy1EP</eOther.08><eOther.SignatureGroup><eOther.12>4512015</eOther.12><eOther.13>4513019</eOther.13><eOther.14>4514043</eOther.14><eOther.15>4515031</eOther.15><eOther.19>2015-04-24T05:06:10-05:00</eOther.19><eOther.20>Yadon</eOther.20><eOther.21>Steven</eOther.21></eOther.SignatureGroup></eOther></PatientCareReport></Header></EMSDataSet>