<EMSDataSet xmlns="http://www.nemsis.org" xmlns:xsi="http://www.w3.org/2001/XMLSchema-instance" xmlns:schemaLocation="http://www.nemsis.org http://nemsis.org/media/XSD_v3/_nemsis_v3.3.4/3.3.4.140328/XSDs/NEMSIS_XSDs_v3.3.4.140328/EMSDataSet_v3.xsd"><Header><DemographicGroup><dAgency.01>5043</dAgency.01><dAgency.02>5043</dAgency.02><dAgency.04>31</dAgency.04></DemographicGroup><PatientCareReport><eRecord><eRecord.01>xjk`4Z^5\\RO9BMN^8aFjCluPp1AwBp\</eRecord.01><eRecord.SoftwareApplicationGroup><eRecord.02>ZOLL</eRecord.02><eRecord.03>ePCR</eRecord.03><eRecord.04>1.0</eRecord.04></eRecord.SoftwareApplicationGroup></eRecord><eResponse><eResponse.AgencyGroup><eResponse.01>1;F79Mf|fCLgH4U</eResponse.01><eResponse.02>TaD[Wpjoe|s?AXM&lt;JjsM{yFDAPb]Vt4\LJ[]bdIjDI_8D&gt;TTI72{RdWXK}J6==InxFpu{mWdP99aI=02z&gt;DNr6:fp2AcIB\70o&gt;{</eResponse.02></eResponse.AgencyGroup><eResponse.03>0017764</eResponse.03><eResponse.04>0017764</eResponse.04><eResponse.ServiceGroup><eResponse.05>2205001</eResponse.05></eResponse.ServiceGroup><eResponse.07>2207003</eResponse.07><eResponse.08>2208013</eResponse.08><eResponse.09>2209011</eResponse.09><eResponse.10>2210017</eResponse.10><eResponse.11>2211011</eResponse.11><eResponse.12>2212015</eResponse.12><eResponse.13>K\VY^K[IZs&gt;=|G:}vxyr&lt;:4x\</eResponse.13><eResponse.14>qJ=Z2aX}3eMehnWXn;zr3d18]&gt;5tJn@X\{j0MlXBd&gt;y`kG&gt;:RI</eResponse.14><eResponse.15>2215013</eResponse.15><eResponse.20>197092.1</eResponse.20><eResponse.21>197096.1</eResponse.21><eResponse.23>2223001</eResponse.23><eResponse.24>2224015</eResponse.24></eResponse><eDispatch><eDispatch.01>2301013</eDispatch.01><eDispatch.02>2302003</eDispatch.02></eDispatch><eCrew><eCrew.CrewGroup><eCrew.01>2977</eCrew.01><eCrew.02>9925019</eCrew.02><eCrew.03>2403013</eCrew.03></eCrew.CrewGroup><eCrew.CrewGroup><eCrew.01>4165</eCrew.01><eCrew.02>9925019</eCrew.02><eCrew.03>2403003</eCrew.03></eCrew.CrewGroup><eCrew.CrewGroup><eCrew.01>2629</eCrew.01><eCrew.02>9925019</eCrew.02><eCrew.03 xsi:nil="true" NV="7701003" /></eCrew.CrewGroup></eCrew><eTimes><eTimes.01 xsi:nil="true" NV="7701003" /><eTimes.02>2015-04-24T06:50:04-05:00</eTimes.02><eTimes.03>2015-04-24T06:50:08-05:00</eTimes.03><eTimes.05>2015-04-24T06:51:15-05:00</eTimes.05><eTimes.06>2015-04-24T06:55:05-05:00</eTimes.06><eTimes.07>2015-04-24T06:59:14-05:00</eTimes.07><eTimes.08 xsi:nil="true" NV="7701003" /><eTimes.09>2015-04-24T07:14:42-05:00</eTimes.09><eTimes.11>2015-04-24T07:21:22-05:00</eTimes.11><eTimes.12>2015-04-24T07:23:00-05:00</eTimes.12><eTimes.13>2015-04-24T07:48:08-05:00</eTimes.13></eTimes><ePatient><ePatient.PatientNameGroup><ePatient.02>Harmala</ePatient.02><ePatient.03>Wilena</ePatient.03><ePatient.04>Brian</ePatient.04></ePatient.PatientNameGroup><ePatient.05 StreetAddress2="235">737 Indian Trl</ePatient.05><ePatient.06>25513</ePatient.06><ePatient.07>38793</ePatient.07><ePatient.08>04</ePatient.08><ePatient.09>96638</ePatient.09><ePatient.13>9906003</ePatient.13><ePatient.14>2514011</ePatient.14><ePatient.AgeGroup><ePatient.15>96</ePatient.15><ePatient.16>2516009</ePatient.16></ePatient.AgeGroup><ePatient.17>1995-07-18</ePatient.17></ePatient><ePayment><ePayment.01 NV="7701003" xsi:nil="true" /><ePayment.CertificateGroup /><ePayment.ClosestRelativeGroup /><ePayment.EmployerGroup /><ePayment.50 NV="7701003" xsi:nil="true" /></ePayment><eScene><eScene.01>9923003</eScene.01><eScene.06>2707005</eScene.06><eScene.07>9923001</eScene.07><eScene.08 NV="7701003" xsi:nil="true" /><eScene.09>Y92.12</eScene.09><eScene.10 NV="7701003" xsi:nil="true" /><eScene.14 NV="7701003" xsi:nil="true" /><eScene.15 StreetAddress2="235">6522 Douthit Bridge Rd</eScene.15><eScene.16 xsi:nil="true" NV="7701003" /><eScene.17>52258</eScene.17><eScene.18>48</eScene.18><eScene.19>20798</eScene.19><eScene.20 xsi:nil="true" NV="7701003" /><eScene.21>78057</eScene.21><eScene.22>US</eScene.22></eScene><eSituation><eSituation.01>2015-04-24T06:46:00-05:00</eSituation.01><eSituation.02 NV="7701003" xsi:nil="true" /><eSituation.PatientComplaintGroup><eSituation.03>2803001</eSituation.03><eSituation.04>Weakness</eSituation.04><eSituation.05>1</eSituation.05><eSituation.06>2806007</eSituation.06></eSituation.PatientComplaintGroup><eSituation.07>2807005</eSituation.07><eSituation.08>2808003</eSituation.08><eSituation.09>R53.1</eSituation.09><eSituation.10>Z00.00</eSituation.10><eSituation.11>R53.1</eSituation.11><eSituation.12>I49.9</eSituation.12><eSituation.13>2813001</eSituation.13><eSituation.WorkRelatedGroup><eSituation.14 NV="7701003" xsi:nil="true" /></eSituation.WorkRelatedGroup><eSituation.17 NV="7701003" xsi:nil="true" /></eSituation><eInjury><eInjury.01 NV="7701003" xsi:nil="true" /><eInjury.02 NV="7701003" xsi:nil="true" /><eInjury.03 NV="7701003" xsi:nil="true" /><eInjury.04 NV="7701003" xsi:nil="true" /><eInjury.07 NV="7701003" xsi:nil="true" /><eInjury.CollisionGroup><eInjury.SeatGroup /></eInjury.CollisionGroup></eInjury><eArrest><eArrest.01 NV="7701003" xsi:nil="true" /><eArrest.02 NV="7701003" xsi:nil="true" /><eArrest.03 NV="7701003" xsi:nil="true" /><eArrest.04 NV="7701003" xsi:nil="true" /><eArrest.05 NV="7701003" xsi:nil="true" /><eArrest.07 NV="7701003" xsi:nil="true" /><eArrest.09 NV="7701003" xsi:nil="true" /><eArrest.10 NV="7701003" xsi:nil="true" /><eArrest.11 NV="7701003" xsi:nil="true" /><eArrest.12 NV="7701003" xsi:nil="true" /><eArrest.14 xsi:nil="true" NV="7701003" /><eArrest.15 xsi:nil="true" NV="7701003" /><eArrest.16 NV="7701003" xsi:nil="true" /><eArrest.17 NV="7701003" xsi:nil="true" /><eArrest.18 NV="7701003" xsi:nil="true" /></eArrest><eHistory><eHistory.01>3101009</eHistory.01><eHistory.05>3105007</eHistory.05><eHistory.06 xsi:nil="true" PN="8801013" /><eHistory.07>160244002</eHistory.07><eHistory.08>E11</eHistory.08><eHistory.08>I11</eHistory.08><eHistory.ImmunizationsGroup /><eHistory.17 NV="7701003" xsi:nil="true" /></eHistory><eNarrative></eNarrative><eVitals><eVitals.VitalGroup><eVitals.01>2015-04-24T06:59:58-05:00</eVitals.01><eVitals.02>9923001</eVitals.02><eVitals.CardiacRhythmGroup><eVitals.03 NV="7701003" xsi:nil="true" /><eVitals.04 NV="7701003" xsi:nil="true" /><eVitals.05 NV="7701003" xsi:nil="true" /></eVitals.CardiacRhythmGroup><eVitals.BloodPressureGroup><eVitals.06>83</eVitals.06><eVitals.07>53</eVitals.07><eVitals.08>3308005</eVitals.08></eVitals.BloodPressureGroup><eVitals.HeartRateGroup><eVitals.10>50</eVitals.10></eVitals.HeartRateGroup><eVitals.12>94</eVitals.12><eVitals.14>25</eVitals.14><eVitals.15>3315007</eVitals.15><eVitals.16 xsi:nil="true" NV="7701003" /><eVitals.17 xsi:nil="true" NV="7701003" /><eVitals.18>240</eVitals.18><eVitals.GlasgowScoreGroup><eVitals.19>4</eVitals.19><eVitals.20>5</eVitals.20><eVitals.21>6</eVitals.21><eVitals.22 NV="7701003" xsi:nil="true" /><eVitals.23>15</eVitals.23></eVitals.GlasgowScoreGroup><eVitals.TemperatureGroup><eVitals.24 xsi:nil="true" NV="7701003" /></eVitals.TemperatureGroup><eVitals.26>3326001</eVitals.26><eVitals.PainScaleGroup><eVitals.27 xsi:nil="true" NV="7701003" /><eVitals.28 NV="7701003" xsi:nil="true" /></eVitals.PainScaleGroup><eVitals.StrokeScaleGroup><eVitals.29>3329001</eVitals.29><eVitals.30>3330001</eVitals.30></eVitals.StrokeScaleGroup><eVitals.31 NV="7701003" xsi:nil="true" /></eVitals.VitalGroup><eVitals.VitalGroup><eVitals.01>2015-04-24T07:16:00-05:00</eVitals.01><eVitals.02>9923001</eVitals.02><eVitals.CardiacRhythmGroup><eVitals.03 NV="7701003" xsi:nil="true" /><eVitals.04 NV="7701003" xsi:nil="true" /><eVitals.05 NV="7701003" xsi:nil="true" /></eVitals.CardiacRhythmGroup><eVitals.BloodPressureGroup><eVitals.06>126</eVitals.06><eVitals.07>48</eVitals.07><eVitals.08>3308007</eVitals.08></eVitals.BloodPressureGroup><eVitals.HeartRateGroup><eVitals.10>35</eVitals.10></eVitals.HeartRateGroup><eVitals.12>99</eVitals.12><eVitals.14>16</eVitals.14><eVitals.15>3315007</eVitals.15><eVitals.16 xsi:nil="true" NV="7701003" /><eVitals.17 xsi:nil="true" NV="7701003" /><eVitals.18 xsi:nil="true" NV="7701003" /><eVitals.GlasgowScoreGroup><eVitals.19>4</eVitals.19><eVitals.20>5</eVitals.20><eVitals.21>6</eVitals.21><eVitals.22 NV="7701003" xsi:nil="true" /><eVitals.23>15</eVitals.23></eVitals.GlasgowScoreGroup><eVitals.TemperatureGroup><eVitals.24 xsi:nil="true" NV="7701003" /></eVitals.TemperatureGroup><eVitals.26>3326001</eVitals.26><eVitals.PainScaleGroup><eVitals.27 xsi:nil="true" NV="7701003" /><eVitals.28 NV="7701003" xsi:nil="true" /></eVitals.PainScaleGroup><eVitals.StrokeScaleGroup><eVitals.29 NV="7701003" xsi:nil="true" /><eVitals.30 NV="7701003" xsi:nil="true" /></eVitals.StrokeScaleGroup><eVitals.31 NV="7701003" xsi:nil="true" /></eVitals.VitalGroup></eVitals><eExam><eExam.01>83.9</eExam.01><eExam.02 NV="7701003" xsi:nil="true" /><eExam.AssessmentGroup><eExam.03>2015-04-24T06:59:30-05:00</eExam.03><eExam.04>3504021</eExam.04><eExam.05>3505033</eExam.05><eExam.05>3505033</eExam.05><eExam.05>3505033</eExam.05><eExam.06>3506035</eExam.06><eExam.06>3506035</eExam.06><eExam.06>3506035</eExam.06><eExam.07>3507029</eExam.07><eExam.08>3508053</eExam.08><eExam.09>3509009</eExam.09><eExam.09>3509011</eExam.09><eExam.AbdomenGroup><eExam.10>3510005</eExam.10><eExam.11>3511037</eExam.11></eExam.AbdomenGroup><eExam.AbdomenGroup><eExam.10>3510003</eExam.10><eExam.11>3511037</eExam.11></eExam.AbdomenGroup><eExam.AbdomenGroup><eExam.10>3510011</eExam.10><eExam.11>3511037</eExam.11></eExam.AbdomenGroup><eExam.AbdomenGroup><eExam.10>3510009</eExam.10><eExam.11>3511037</eExam.11></eExam.AbdomenGroup><eExam.AbdomenGroup><eExam.10>3510001</eExam.10><eExam.11>3511037</eExam.11></eExam.AbdomenGroup><eExam.AbdomenGroup><eExam.10>3510007</eExam.10><eExam.11>3511037</eExam.11></eExam.AbdomenGroup><eExam.12>3512037</eExam.12><eExam.12>3512037</eExam.12><eExam.SpineGroup><eExam.13>3513003</eExam.13><eExam.14>3514027</eExam.14></eExam.SpineGroup><eExam.SpineGroup><eExam.13>3513005</eExam.13><eExam.14>3514027</eExam.14></eExam.SpineGroup><eExam.SpineGroup><eExam.13>3513007</eExam.13><eExam.14>3514027</eExam.14></eExam.SpineGroup><eExam.SpineGroup><eExam.13>3513001</eExam.13><eExam.14>3514027</eExam.14></eExam.SpineGroup><eExam.SpineGroup><eExam.13>3513021</eExam.13><eExam.14>3514027</eExam.14></eExam.SpineGroup><eExam.SpineGroup><eExam.13>3513023</eExam.13><eExam.14>3514027</eExam.14></eExam.SpineGroup><eExam.SpineGroup><eExam.13>3513025</eExam.13><eExam.14>3514027</eExam.14></eExam.SpineGroup><eExam.SpineGroup><eExam.13>3513015</eExam.13><eExam.14>3514027</eExam.14></eExam.SpineGroup><eExam.SpineGroup><eExam.13>3513017</eExam.13><eExam.14>3514027</eExam.14></eExam.SpineGroup><eExam.SpineGroup><eExam.13>3513019</eExam.13><eExam.14>3514027</eExam.14></eExam.SpineGroup><eExam.SpineGroup><eExam.13>3513009</eExam.13><eExam.14>3514027</eExam.14></eExam.SpineGroup><eExam.SpineGroup><eExam.13>3513011</eExam.13><eExam.14>3514027</eExam.14></eExam.SpineGroup><eExam.SpineGroup><eExam.13>3513013</eExam.13><eExam.14>3514027</eExam.14></eExam.SpineGroup><eExam.ExtremityGroup><eExam.15>3515007</eExam.15><eExam.16>3516049</eExam.16><eExam.16>3516049</eExam.16></eExam.ExtremityGroup><eExam.ExtremityGroup><eExam.15>3515067</eExam.15><eExam.16>3516049</eExam.16><eExam.16>3516049</eExam.16></eExam.ExtremityGroup><eExam.ExtremityGroup><eExam.15>3515011</eExam.15><eExam.16>3516049</eExam.16><eExam.16>3516049</eExam.16></eExam.ExtremityGroup><eExam.ExtremityGroup><eExam.15>3515039</eExam.15><eExam.16>3516049</eExam.16><eExam.16>3516049</eExam.16></eExam.ExtremityGroup><eExam.ExtremityGroup><eExam.15>3515095</eExam.15><eExam.16>3516049</eExam.16><eExam.16>3516049</eExam.16></eExam.ExtremityGroup><eExam.ExtremityGroup><eExam.15>3515047</eExam.15><eExam.16>3516049</eExam.16><eExam.16>3516049</eExam.16></eExam.ExtremityGroup><eExam.ExtremityGroup><eExam.15>3515043</eExam.15><eExam.16>3516049</eExam.16><eExam.16>3516049</eExam.16></eExam.ExtremityGroup><eExam.ExtremityGroup><eExam.15>3515015</eExam.15><eExam.16>3516049</eExam.16><eExam.16>3516049</eExam.16></eExam.ExtremityGroup><eExam.ExtremityGroup><eExam.15>3515019</eExam.15><eExam.16>3516049</eExam.16><eExam.16>3516049</eExam.16></eExam.ExtremityGroup><eExam.ExtremityGroup><eExam.15>3515023</eExam.15><eExam.16>3516049</eExam.16><eExam.16>3516049</eExam.16></eExam.ExtremityGroup><eExam.ExtremityGroup><eExam.15>3515027</eExam.15><eExam.16>3516049</eExam.16><eExam.16>3516049</eExam.16></eExam.ExtremityGroup><eExam.ExtremityGroup><eExam.15>3515071</eExam.15><eExam.16>3516049</eExam.16><eExam.16>3516049</eExam.16></eExam.ExtremityGroup><eExam.ExtremityGroup><eExam.15>3515065</eExam.15><eExam.16>3516049</eExam.16><eExam.16>3516049</eExam.16></eExam.ExtremityGroup><eExam.ExtremityGroup><eExam.15>3515009</eExam.15><eExam.16>3516049</eExam.16><eExam.16>3516049</eExam.16></eExam.ExtremityGroup><eExam.ExtremityGroup><eExam.15>3515005</eExam.15><eExam.16>3516049</eExam.16><eExam.16>3516049</eExam.16></eExam.ExtremityGroup><eExam.ExtremityGroup><eExam.15>3515037</eExam.15><eExam.16>3516049</eExam.16><eExam.16>3516049</eExam.16></eExam.ExtremityGroup><eExam.ExtremityGroup><eExam.15>3515093</eExam.15><eExam.16>3516049</eExam.16><eExam.16>3516049</eExam.16></eExam.ExtremityGroup><eExam.ExtremityGroup><eExam.15>3515045</eExam.15><eExam.16>3516049</eExam.16><eExam.16>3516049</eExam.16></eExam.ExtremityGroup><eExam.ExtremityGroup><eExam.15>3515041</eExam.15><eExam.16>3516049</eExam.16><eExam.16>3516049</eExam.16></eExam.ExtremityGroup><eExam.ExtremityGroup><eExam.15>3515013</eExam.15><eExam.16>3516049</eExam.16><eExam.16>3516049</eExam.16></eExam.ExtremityGroup><eExam.ExtremityGroup><eExam.15>3515017</eExam.15><eExam.16>3516049</eExam.16><eExam.16>3516049</eExam.16></eExam.ExtremityGroup><eExam.ExtremityGroup><eExam.15>3515021</eExam.15><eExam.16>3516049</eExam.16><eExam.16>3516049</eExam.16></eExam.ExtremityGroup><eExam.ExtremityGroup><eExam.15>3515025</eExam.15><eExam.16>3516049</eExam.16><eExam.16>3516049</eExam.16></eExam.ExtremityGroup><eExam.ExtremityGroup><eExam.15>3515069</eExam.15><eExam.16>3516049</eExam.16><eExam.16>3516049</eExam.16></eExam.ExtremityGroup><eExam.ExtremityGroup><eExam.15>3515053</eExam.15><eExam.16>3516049</eExam.16><eExam.16>3516049</eExam.16></eExam.ExtremityGroup><eExam.ExtremityGroup><eExam.15>3515035</eExam.15><eExam.16>3516049</eExam.16><eExam.16>3516049</eExam.16></eExam.ExtremityGroup><eExam.ExtremityGroup><eExam.15>3515031</eExam.15><eExam.16>3516049</eExam.16><eExam.16>3516049</eExam.16></eExam.ExtremityGroup><eExam.ExtremityGroup><eExam.15>3515075</eExam.15><eExam.16>3516049</eExam.16><eExam.16>3516049</eExam.16></eExam.ExtremityGroup><eExam.ExtremityGroup><eExam.15>3515079</eExam.15><eExam.16>3516049</eExam.16><eExam.16>3516049</eExam.16></eExam.ExtremityGroup><eExam.ExtremityGroup><eExam.15>3515083</eExam.15><eExam.16>3516049</eExam.16><eExam.16>3516049</eExam.16></eExam.ExtremityGroup><eExam.ExtremityGroup><eExam.15>3515087</eExam.15><eExam.16>3516049</eExam.16><eExam.16>3516049</eExam.16></eExam.ExtremityGroup><eExam.ExtremityGroup><eExam.15>3515091</eExam.15><eExam.16>3516049</eExam.16><eExam.16>3516049</eExam.16></eExam.ExtremityGroup><eExam.ExtremityGroup><eExam.15>3515063</eExam.15><eExam.16>3516049</eExam.16><eExam.16>3516049</eExam.16></eExam.ExtremityGroup><eExam.ExtremityGroup><eExam.15>3515051</eExam.15><eExam.16>3516049</eExam.16><eExam.16>3516049</eExam.16></eExam.ExtremityGroup><eExam.ExtremityGroup><eExam.15>3515059</eExam.15><eExam.16>3516049</eExam.16><eExam.16>3516049</eExam.16></eExam.ExtremityGroup><eExam.ExtremityGroup><eExam.15>3515003</eExam.15><eExam.16>3516049</eExam.16><eExam.16>3516049</eExam.16></eExam.ExtremityGroup><eExam.ExtremityGroup><eExam.15>3515055</eExam.15><eExam.16>3516049</eExam.16><eExam.16>3516049</eExam.16></eExam.ExtremityGroup><eExam.ExtremityGroup><eExam.15>3515049</eExam.15><eExam.16>3516049</eExam.16><eExam.16>3516049</eExam.16></eExam.ExtremityGroup><eExam.ExtremityGroup><eExam.15>3515061</eExam.15><eExam.16>3516049</eExam.16><eExam.16>3516049</eExam.16></eExam.ExtremityGroup><eExam.ExtremityGroup><eExam.15>3515057</eExam.15><eExam.16>3516049</eExam.16><eExam.16>3516049</eExam.16></eExam.ExtremityGroup><eExam.ExtremityGroup><eExam.15>3515033</eExam.15><eExam.16>3516049</eExam.16><eExam.16>3516049</eExam.16></eExam.ExtremityGroup><eExam.ExtremityGroup><eExam.15>3515029</eExam.15><eExam.16>3516049</eExam.16><eExam.16>3516049</eExam.16></eExam.ExtremityGroup><eExam.ExtremityGroup><eExam.15>3515073</eExam.15><eExam.16>3516049</eExam.16><eExam.16>3516049</eExam.16></eExam.ExtremityGroup><eExam.ExtremityGroup><eExam.15>3515077</eExam.15><eExam.16>3516049</eExam.16><eExam.16>3516049</eExam.16></eExam.ExtremityGroup><eExam.ExtremityGroup><eExam.15>3515081</eExam.15><eExam.16>3516049</eExam.16><eExam.16>3516049</eExam.16></eExam.ExtremityGroup><eExam.ExtremityGroup><eExam.15>3515085</eExam.15><eExam.16>3516049</eExam.16><eExam.16>3516049</eExam.16></eExam.ExtremityGroup><eExam.ExtremityGroup><eExam.15>3515089</eExam.15><eExam.16>3516049</eExam.16><eExam.16>3516049</eExam.16></eExam.ExtremityGroup><eExam.ExtremityGroup><eExam.15>3515001</eExam.15><eExam.16>3516049</eExam.16><eExam.16>3516049</eExam.16></eExam.ExtremityGroup><eExam.EyeGroup><eExam.17>3517005</eExam.17><eExam.18>3518051</eExam.18></eExam.EyeGroup><eExam.EyeGroup><eExam.17>3517001</eExam.17><eExam.18>3518047</eExam.18><eExam.18>3518057</eExam.18></eExam.EyeGroup><eExam.EyeGroup><eExam.17>3517003</eExam.17><eExam.18>3518051</eExam.18></eExam.EyeGroup><eExam.19>3519007</eExam.19><eExam.20>3520021</eExam.20></eExam.AssessmentGroup></eExam><eProtocols><eProtocols.ProtocolGroup><eProtocols.01>9914115</eProtocols.01><eProtocols.02>3602001</eProtocols.02></eProtocols.ProtocolGroup></eProtocols><eMedications><eMedications.MedicationGroup><eMedications.01>2015-04-24T07:14:32-05:00</eMedications.01><eMedications.02>9923001</eMedications.02><eMedications.03>7806</eMedications.03><eMedications.04>9927025</eMedications.04><eMedications.DosageGroup><eMedications.05>4</eMedications.05><eMedications.06 xsi:nil="true" NV="7701003" /></eMedications.DosageGroup><eMedications.07>9916001</eMedications.07><eMedications.08 NV="7701003" xsi:nil="true" /><eMedications.09>2977</eMedications.09><eMedications.10>9905013</eMedications.10></eMedications.MedicationGroup></eMedications><eProcedures><eProcedures.ProcedureGroup><eProcedures.01>2015-04-24T07:01:01-05:00</eProcedures.01><eProcedures.02>9923001</eProcedures.02><eProcedures.03>268400002</eProcedures.03><eProcedures.05 xsi:nil="true" NV="7701003" /><eProcedures.06 NV="7701003" xsi:nil="true" /><eProcedures.07>3907033</eProcedures.07><eProcedures.08 NV="7701003" xsi:nil="true" /><eProcedures.09>2977</eProcedures.09><eProcedures.10>9905013</eProcedures.10><eProcedures.13 xsi:nil="true" NV="7701001" /></eProcedures.ProcedureGroup><eProcedures.ProcedureGroup><eProcedures.01>2015-04-24T07:01:37-05:00</eProcedures.01><eProcedures.02>9923001</eProcedures.02><eProcedures.03>386339009</eProcedures.03><eProcedures.04>20 G</eProcedures.04><eProcedures.05 xsi:nil="true" NV="7701003" /><eProcedures.06>9923003</eProcedures.06><eProcedures.07 NV="7701003" xsi:nil="true" /><eProcedures.08>9916003</eProcedures.08><eProcedures.09>2629</eProcedures.09><eProcedures.10>9905013</eProcedures.10><eProcedures.13 xsi:nil="true" NV="7701001" /></eProcedures.ProcedureGroup></eProcedures><eDisposition><eDisposition.DestinationGroup><eDisposition.01>VS]fHoec1Yg;u&gt;Q7z=JLMucRwgeqb@anBR`GTnp?y4&lt;I1CS7\qUq8s3_n:l_:q1ovvvS[9`&lt;K:PHhIPcC]DohneMO1WJ1A583KQ8</eDisposition.01><eDisposition.02 xsi:nil="true" NV="7701003" /><eDisposition.03>3431 Ackerman Rd</eDisposition.03><eDisposition.04>58636</eDisposition.04><eDisposition.05>25</eDisposition.05><eDisposition.06>28619</eDisposition.06><eDisposition.07>39602</eDisposition.07><eDisposition.08>US</eDisposition.08></eDisposition.DestinationGroup><eDisposition.11>1</eDisposition.11><eDisposition.12>4212033</eDisposition.12><eDisposition.13>9909013</eDisposition.13><eDisposition.14>4214017</eDisposition.14><eDisposition.15>9909013</eDisposition.15><eDisposition.16>4216005</eDisposition.16><eDisposition.17>4217001</eDisposition.17><eDisposition.18>4218011</eDisposition.18><eDisposition.19>9916003</eDisposition.19><eDisposition.20>4220015</eDisposition.20><eDisposition.21>4221003</eDisposition.21><eDisposition.22 NV="7701003" xsi:nil="true" /><eDisposition.23>9908007</eDisposition.23><eDisposition.HospitalTeamActivationGroup><eDisposition.24 NV="7701003" xsi:nil="true" /><eDisposition.25 xsi:nil="true" NV="7701003" /></eDisposition.HospitalTeamActivationGroup></eDisposition><eOutcome><eOutcome.01 NV="7701003" xsi:nil="true" /><eOutcome.02 NV="7701003" xsi:nil="true" /><eOutcome.ExternalDataGroup /></eOutcome><eOther><eOther.EMSCrewMemberGroup><eOther.05 NV="7701003" xsi:nil="true" /><eOther.06 NV="7701003" xsi:nil="true" /></eOther.EMSCrewMemberGroup><eOther.08>3V;1`h&gt;shOKE0xQ</eOther.08><eOther.SignatureGroup><eOther.12>4512005</eOther.12><eOther.13>4513007</eOther.13><eOther.14>4514029</eOther.14><eOther.15>4515005</eOther.15><eOther.19>2015-04-24T07:30:54-05:00</eOther.19><eOther.20>Arnold</eOther.20><eOther.21>Deedee</eOther.21></eOther.SignatureGroup><eOther.SignatureGroup><eOther.12>4512003</eOther.12><eOther.13>4513019</eOther.13><eOther.14>4514035</eOther.14><eOther.15>4515005</eOther.15><eOther.19>2015-04-24T07:33:03-05:00</eOther.19><eOther.20>Kaufman</eOther.20><eOther.21>Janice</eOther.21></eOther.SignatureGroup></eOther></PatientCareReport></Header></EMSDataSet>