<EMSDataSet xmlns="http://www.nemsis.org" xmlns:xsi="http://www.w3.org/2001/XMLSchema-instance" xmlns:schemaLocation="http://www.nemsis.org http://nemsis.org/media/XSD_v3/_nemsis_v3.3.4/3.3.4.140328/XSDs/NEMSIS_XSDs_v3.3.4.140328/EMSDataSet_v3.xsd"><Header><DemographicGroup><dAgency.01>5043</dAgency.01><dAgency.02>5043</dAgency.02><dAgency.04>31</dAgency.04></DemographicGroup><PatientCareReport><eRecord><eRecord.01>xnwRmoZ^MeVCtvYzYPg`BMwxlrBvb{ea</eRecord.01><eRecord.SoftwareApplicationGroup><eRecord.02>ZOLL</eRecord.02><eRecord.03>ePCR</eRecord.03><eRecord.04>1.0</eRecord.04></eRecord.SoftwareApplicationGroup></eRecord><eResponse><eResponse.AgencyGroup><eResponse.01>?F0WtE|JL{ol{oj</eResponse.01><eResponse.02>K=TYTeV?[t}dx\bzO0r4]u16CRLCD\;z{7th&gt;R@zg6Sau_3kh1Ok8k&lt;T&lt;NE1HBy}i2gpfwkzmvJWRN&gt;aO_XB&lt;Mq@yP\n=&gt;aT;Svr</eResponse.02></eResponse.AgencyGroup><eResponse.03>0017777</eResponse.03><eResponse.04>0017777</eResponse.04><eResponse.ServiceGroup><eResponse.05>2205001</eResponse.05></eResponse.ServiceGroup><eResponse.07>2207003</eResponse.07><eResponse.08>2208013</eResponse.08><eResponse.09>2209011</eResponse.09><eResponse.10 NV="7701003" xsi:nil="true" /><eResponse.11 NV="7701003" xsi:nil="true" /><eResponse.12 NV="7701003" xsi:nil="true" /><eResponse.13>v@5oDR|@Pc1l?a`ghfqK&gt;WuFK</eResponse.13><eResponse.14>{m^DtL}UJi&gt;Zg|gOamFOm_Y\xjS`[dOImSFcMyZG2FsvR=0g9y</eResponse.14><eResponse.15>2215013</eResponse.15><eResponse.20>0.1</eResponse.20><eResponse.21>0.8</eResponse.21><eResponse.23>2223001</eResponse.23><eResponse.24>2224015</eResponse.24></eResponse><eDispatch><eDispatch.01>2301011</eDispatch.01><eDispatch.02>2302003</eDispatch.02></eDispatch><eCrew><eCrew.CrewGroup><eCrew.01>2470</eCrew.01><eCrew.02>9925019</eCrew.02><eCrew.03>2403013</eCrew.03></eCrew.CrewGroup><eCrew.CrewGroup><eCrew.01>4072</eCrew.01><eCrew.02>9925019</eCrew.02><eCrew.03>2403001</eCrew.03></eCrew.CrewGroup></eCrew><eTimes><eTimes.01 xsi:nil="true" NV="7701003" /><eTimes.02>2015-04-24T09:17:15-05:00</eTimes.02><eTimes.03>2015-04-24T09:17:21-05:00</eTimes.03><eTimes.05>2015-04-24T09:17:59-05:00</eTimes.05><eTimes.06>2015-04-24T09:19:04-05:00</eTimes.06><eTimes.07>2015-04-24T09:20:00-05:00</eTimes.07><eTimes.08 xsi:nil="true" NV="7701003" /><eTimes.09>2015-04-24T09:34:13-05:00</eTimes.09><eTimes.11>2015-04-24T09:37:00-05:00</eTimes.11><eTimes.12>2015-04-24T09:39:00-05:00</eTimes.12><eTimes.13>2015-04-24T09:56:13-05:00</eTimes.13></eTimes><ePatient><ePatient.PatientNameGroup><ePatient.02>Malone</ePatient.02><ePatient.03>Miki</ePatient.03></ePatient.PatientNameGroup><ePatient.05 StreetAddress2="4e">6008 Retreat Rdg</ePatient.05><ePatient.06>60570</ePatient.06><ePatient.07>42385</ePatient.07><ePatient.08>15</ePatient.08><ePatient.09>12865</ePatient.09><ePatient.10>US</ePatient.10><ePatient.13>9906001</ePatient.13><ePatient.14>2514011</ePatient.14><ePatient.AgeGroup><ePatient.15>39</ePatient.15><ePatient.16>2516009</ePatient.16></ePatient.AgeGroup><ePatient.17>1914-11-10</ePatient.17></ePatient><ePayment><ePayment.01 NV="7701003" xsi:nil="true" /><ePayment.CertificateGroup /><ePayment.ClosestRelativeGroup /><ePayment.EmployerGroup /><ePayment.50 NV="7701003" xsi:nil="true" /></ePayment><eScene><eScene.01>9923003</eScene.01><eScene.06>2707005</eScene.06><eScene.07>9923001</eScene.07><eScene.08 NV="7701003" xsi:nil="true" /><eScene.09>Y92.41</eScene.09><eScene.10 NV="7701003" xsi:nil="true" /><eScene.14 NV="7701003" xsi:nil="true" /><eScene.15>9313 Lawrence St</eScene.15><eScene.16 xsi:nil="true" NV="7701003" /><eScene.17>40053</eScene.17><eScene.18>48</eScene.18><eScene.19>78259</eScene.19><eScene.20 xsi:nil="true" NV="7701003" /><eScene.21>33531</eScene.21><eScene.22>US</eScene.22></eScene><eSituation><eSituation.01>2015-04-24T09:16:00-05:00</eSituation.01><eSituation.02 NV="7701003" xsi:nil="true" /><eSituation.PatientComplaintGroup><eSituation.03>2803001</eSituation.03><eSituation.04>Back Pain</eSituation.04><eSituation.05>20</eSituation.05><eSituation.06>2806003</eSituation.06></eSituation.PatientComplaintGroup><eSituation.07>2807003</eSituation.07><eSituation.08>2808015</eSituation.08><eSituation.09>M54.9</eSituation.09><eSituation.10>R52</eSituation.10><eSituation.11>M54.9</eSituation.11><eSituation.12>S79.91</eSituation.12><eSituation.13 NV="7701003" xsi:nil="true" /><eSituation.WorkRelatedGroup><eSituation.14 NV="7701003" xsi:nil="true" /></eSituation.WorkRelatedGroup><eSituation.17 NV="7701003" xsi:nil="true" /></eSituation><eInjury><eInjury.01 NV="7701003" xsi:nil="true" /><eInjury.02 NV="7701003" xsi:nil="true" /><eInjury.03 NV="7701003" xsi:nil="true" /><eInjury.04 NV="7701003" xsi:nil="true" /><eInjury.07 NV="7701003" xsi:nil="true" /><eInjury.CollisionGroup><eInjury.SeatGroup /></eInjury.CollisionGroup></eInjury><eArrest><eArrest.01 NV="7701003" xsi:nil="true" /><eArrest.02 NV="7701003" xsi:nil="true" /><eArrest.03 NV="7701003" xsi:nil="true" /><eArrest.04 NV="7701003" xsi:nil="true" /><eArrest.05 NV="7701003" xsi:nil="true" /><eArrest.07 NV="7701003" xsi:nil="true" /><eArrest.09 NV="7701003" xsi:nil="true" /><eArrest.10 NV="7701003" xsi:nil="true" /><eArrest.11 NV="7701003" xsi:nil="true" /><eArrest.12 NV="7701003" xsi:nil="true" /><eArrest.14 xsi:nil="true" NV="7701003" /><eArrest.15 xsi:nil="true" NV="7701003" /><eArrest.16 NV="7701003" xsi:nil="true" /><eArrest.17 NV="7701003" xsi:nil="true" /><eArrest.18 NV="7701003" xsi:nil="true" /></eArrest><eHistory><eHistory.01>3101009</eHistory.01><eHistory.05>3105007</eHistory.05><eHistory.06 CodeType="9924003">7052</eHistory.06><eHistory.08 NV="7701003" xsi:nil="true" /><eHistory.ImmunizationsGroup /><eHistory.17 NV="7701003" xsi:nil="true" /></eHistory><eNarrative></eNarrative><eVitals><eVitals.VitalGroup><eVitals.01>2015-04-24T09:25:21-05:00</eVitals.01><eVitals.02 NV="7701003" xsi:nil="true" /><eVitals.CardiacRhythmGroup><eVitals.03 NV="7701003" xsi:nil="true" /><eVitals.04 NV="7701003" xsi:nil="true" /><eVitals.05 NV="7701003" xsi:nil="true" /></eVitals.CardiacRhythmGroup><eVitals.BloodPressureGroup><eVitals.06>150</eVitals.06><eVitals.07>110</eVitals.07><eVitals.08>3308007</eVitals.08></eVitals.BloodPressureGroup><eVitals.HeartRateGroup><eVitals.10>60</eVitals.10></eVitals.HeartRateGroup><eVitals.12 xsi:nil="true" NV="7701003" /><eVitals.14>12</eVitals.14><eVitals.16 xsi:nil="true" NV="7701003" /><eVitals.17 xsi:nil="true" NV="7701003" /><eVitals.18 xsi:nil="true" NV="7701003" /><eVitals.GlasgowScoreGroup><eVitals.19 NV="7701003" xsi:nil="true" /><eVitals.20 NV="7701003" xsi:nil="true" /><eVitals.21 NV="7701003" xsi:nil="true" /><eVitals.22 NV="7701003" xsi:nil="true" /><eVitals.23 xsi:nil="true" NV="7701003" /></eVitals.GlasgowScoreGroup><eVitals.TemperatureGroup><eVitals.24 xsi:nil="true" NV="7701003" /></eVitals.TemperatureGroup><eVitals.26 NV="7701003" xsi:nil="true" /><eVitals.PainScaleGroup><eVitals.27 xsi:nil="true" NV="7701003" /><eVitals.28 NV="7701003" xsi:nil="true" /></eVitals.PainScaleGroup><eVitals.StrokeScaleGroup><eVitals.29 NV="7701003" xsi:nil="true" /><eVitals.30 NV="7701003" xsi:nil="true" /></eVitals.StrokeScaleGroup><eVitals.31 NV="7701003" xsi:nil="true" /></eVitals.VitalGroup></eVitals><eExam><eExam.01>63.5</eExam.01><eExam.02 NV="7701003" xsi:nil="true" /><eExam.AssessmentGroup><eExam.03>2015-04-24T09:25:21-05:00</eExam.03><eExam.AbdomenGroup /><eExam.SpineGroup /><eExam.ExtremityGroup /><eExam.EyeGroup /></eExam.AssessmentGroup></eExam><eProtocols><eProtocols.ProtocolGroup><eProtocols.01>9914107</eProtocols.01><eProtocols.02>3602001</eProtocols.02></eProtocols.ProtocolGroup></eProtocols><eMedications><eMedications.MedicationGroup><eMedications.01 xsi:nil="true" NV="7701003" /><eMedications.02 NV="7701003" xsi:nil="true" /><eMedications.03 NV="7701003" xsi:nil="true" /><eMedications.DosageGroup><eMedications.05 xsi:nil="true" NV="7701003" /><eMedications.06 NV="7701003" xsi:nil="true" /></eMedications.DosageGroup><eMedications.07 NV="7701003" xsi:nil="true" /><eMedications.08 NV="7701003" xsi:nil="true" /><eMedications.09 NV="7701003" xsi:nil="true" /><eMedications.10 NV="7701003" xsi:nil="true" /></eMedications.MedicationGroup></eMedications><eProcedures><eProcedures.ProcedureGroup><eProcedures.01 xsi:nil="true" NV="7701003" /><eProcedures.02 NV="7701003" xsi:nil="true" /><eProcedures.03 NV="7701003" xsi:nil="true" /><eProcedures.05 xsi:nil="true" NV="7701003" /><eProcedures.06 NV="7701003" xsi:nil="true" /><eProcedures.07 NV="7701003" xsi:nil="true" /><eProcedures.08 NV="7701003" xsi:nil="true" /><eProcedures.10 NV="7701003" xsi:nil="true" /><eProcedures.13 NV="7701003" xsi:nil="true" /></eProcedures.ProcedureGroup></eProcedures><eDisposition><eDisposition.DestinationGroup><eDisposition.01>fhvuxNJ_PNcK?\]Pi15vsT_X4_av]M=sHYb:sLkce6p_f;Z4ZJ0hQfDA9MqHkR12@n2cxR[MCOAla0ov5\KBMSQ`EP1UYRvC5mNv</eDisposition.01><eDisposition.02 xsi:nil="true" NV="7701003" /><eDisposition.03>1147 Reject Rd</eDisposition.03><eDisposition.04>22506</eDisposition.04><eDisposition.05>06</eDisposition.05><eDisposition.06>81314</eDisposition.06><eDisposition.07>66479</eDisposition.07></eDisposition.DestinationGroup><eDisposition.11>1</eDisposition.11><eDisposition.12>4212033</eDisposition.12><eDisposition.13>9909013</eDisposition.13><eDisposition.14>4214017</eDisposition.14><eDisposition.16>4216005</eDisposition.16><eDisposition.17>4217005</eDisposition.17><eDisposition.18 NV="7701003" xsi:nil="true" /><eDisposition.19 NV="7701003" xsi:nil="true" /><eDisposition.20>4220015</eDisposition.20><eDisposition.21>4221003</eDisposition.21><eDisposition.22 NV="7701003" xsi:nil="true" /><eDisposition.23>9908007</eDisposition.23><eDisposition.HospitalTeamActivationGroup><eDisposition.24 NV="7701003" xsi:nil="true" /><eDisposition.25 xsi:nil="true" NV="7701003" /></eDisposition.HospitalTeamActivationGroup></eDisposition><eOutcome><eOutcome.01 NV="7701003" xsi:nil="true" /><eOutcome.02 NV="7701003" xsi:nil="true" /><eOutcome.ExternalDataGroup /></eOutcome><eOther><eOther.EMSCrewMemberGroup><eOther.05 NV="7701003" xsi:nil="true" /><eOther.06 NV="7701003" xsi:nil="true" /></eOther.EMSCrewMemberGroup><eOther.08>f42eC}LWja:jjiW</eOther.08><eOther.SignatureGroup><eOther.12>4512015</eOther.12><eOther.13>4513019</eOther.13><eOther.14>4514043</eOther.14><eOther.15>4515031</eOther.15><eOther.19>2015-04-24T09:40:03-05:00</eOther.19><eOther.20>Monarch</eOther.20><eOther.21>Carmen</eOther.21></eOther.SignatureGroup></eOther></PatientCareReport></Header></EMSDataSet>