<EMSDataSet xmlns="http://www.nemsis.org" xmlns:xsi="http://www.w3.org/2001/XMLSchema-instance" xmlns:schemaLocation="http://www.nemsis.org http://nemsis.org/media/XSD_v3/_nemsis_v3.3.4/3.3.4.140328/XSDs/NEMSIS_XSDs_v3.3.4.140328/EMSDataSet_v3.xsd"><Header><DemographicGroup><dAgency.01>5043</dAgency.01><dAgency.02>5043</dAgency.02><dAgency.04>31</dAgency.04></DemographicGroup><PatientCareReport><eRecord><eRecord.01>D&lt;4o6j\IKQ9yt[@ql5;AN4y]67dBG586</eRecord.01><eRecord.SoftwareApplicationGroup><eRecord.02>ZOLL</eRecord.02><eRecord.03>ePCR</eRecord.03><eRecord.04>1.0</eRecord.04></eRecord.SoftwareApplicationGroup></eRecord><eResponse><eResponse.AgencyGroup><eResponse.01>cpcjvC5MRKh{_dz</eResponse.01><eResponse.02>ptjz\&lt;IM@AUi|6J1EH2F4uSxX}kl3I{|P:qL[9YxISSXQW7F8IRb\MvxPpQ]NZJtCVIqB{T&lt;m8z^RxV1vTdguHP2BwyifzYm9\Ey</eResponse.02></eResponse.AgencyGroup><eResponse.03>0017781</eResponse.03><eResponse.04>0017781</eResponse.04><eResponse.ServiceGroup><eResponse.05>2205001</eResponse.05></eResponse.ServiceGroup><eResponse.07>2207003</eResponse.07><eResponse.08>2208013</eResponse.08><eResponse.09>2209011</eResponse.09><eResponse.10>2210017</eResponse.10><eResponse.11>2211011</eResponse.11><eResponse.12 NV="7701003" xsi:nil="true" /><eResponse.13>&gt;C4:sFsSQGUVIPdxs`}x6G_I2</eResponse.13><eResponse.14>hSp\=Utc[pcPZq^Sz^xQSOFF_wV]Jsubh7:p3uCp_pl]1WImNU</eResponse.14><eResponse.15>2215013</eResponse.15><eResponse.20>283096.3</eResponse.20><eResponse.21>283099.9</eResponse.21><eResponse.23>2223001</eResponse.23><eResponse.24>2224015</eResponse.24></eResponse><eDispatch><eDispatch.01>2301077</eDispatch.01><eDispatch.02>2302003</eDispatch.02></eDispatch><eCrew><eCrew.CrewGroup><eCrew.01>3837</eCrew.01><eCrew.02>9925019</eCrew.02><eCrew.03>2403013</eCrew.03></eCrew.CrewGroup><eCrew.CrewGroup><eCrew.01>2865</eCrew.01><eCrew.02>9925019</eCrew.02><eCrew.03>2403001</eCrew.03></eCrew.CrewGroup></eCrew><eTimes><eTimes.01 xsi:nil="true" NV="7701003" /><eTimes.02>2015-04-24T09:40:12-05:00</eTimes.02><eTimes.03>2015-04-24T09:40:32-05:00</eTimes.03><eTimes.05>2015-04-24T09:41:50-05:00</eTimes.05><eTimes.06>2015-04-24T09:48:24-05:00</eTimes.06><eTimes.07>2015-04-24T09:49:00-05:00</eTimes.07><eTimes.08 xsi:nil="true" NV="7701003" /><eTimes.09>2015-04-24T09:55:00-05:00</eTimes.09><eTimes.11>2015-04-24T09:59:00-05:00</eTimes.11><eTimes.12>2015-04-24T10:00:00-05:00</eTimes.12><eTimes.13>2015-04-24T10:20:00-05:00</eTimes.13></eTimes><ePatient><ePatient.PatientNameGroup><ePatient.02>Chesnutt</ePatient.02><ePatient.03>Melissa</ePatient.03></ePatient.PatientNameGroup><ePatient.05 StreetAddress2="424">6693 Roxy Pl</ePatient.05><ePatient.06>62480</ePatient.06><ePatient.07>38991</ePatient.07><ePatient.08>10</ePatient.08><ePatient.09>58914</ePatient.09><ePatient.10>MX</ePatient.10><ePatient.13>9906003</ePatient.13><ePatient.14>2514011</ePatient.14><ePatient.AgeGroup><ePatient.15>45</ePatient.15><ePatient.16>2516009</ePatient.16></ePatient.AgeGroup><ePatient.17>1929-11-08</ePatient.17></ePatient><ePayment><ePayment.01 NV="7701003" xsi:nil="true" /><ePayment.CertificateGroup /><ePayment.ClosestRelativeGroup /><ePayment.EmployerGroup /><ePayment.50 NV="7701003" xsi:nil="true" /></ePayment><eScene><eScene.01>9923001</eScene.01><eScene.06>2707005</eScene.06><eScene.07>9923001</eScene.07><eScene.08 NV="7701003" xsi:nil="true" /><eScene.09>Y92.59</eScene.09><eScene.10 NV="7701003" xsi:nil="true" /><eScene.14 NV="7701003" xsi:nil="true" /><eScene.15 StreetAddress2="424">3228 Long Rd</eScene.15><eScene.16 xsi:nil="true" NV="7701003" /><eScene.17>94780</eScene.17><eScene.18>01</eScene.18><eScene.19>71943</eScene.19><eScene.20 xsi:nil="true" NV="7701003" /><eScene.21>50362</eScene.21><eScene.22>US</eScene.22></eScene><eSituation><eSituation.01>2015-04-24T08:45:00-05:00</eSituation.01><eSituation.02 NV="7701003" xsi:nil="true" /><eSituation.PatientComplaintGroup><eSituation.03>2803001</eSituation.03><eSituation.04>Altered Level of Consciousness</eSituation.04><eSituation.05>1</eSituation.05><eSituation.06>2806007</eSituation.06></eSituation.PatientComplaintGroup><eSituation.07>2807011</eSituation.07><eSituation.08>2808011</eSituation.08><eSituation.09>R41.82</eSituation.09><eSituation.10>R32</eSituation.10><eSituation.11>R41.82</eSituation.11><eSituation.12>R53.1</eSituation.12><eSituation.13 NV="7701003" xsi:nil="true" /><eSituation.WorkRelatedGroup><eSituation.14>9922005</eSituation.14></eSituation.WorkRelatedGroup><eSituation.17 NV="7701003" xsi:nil="true" /></eSituation><eInjury><eInjury.01 NV="7701003" xsi:nil="true" /><eInjury.02 NV="7701003" xsi:nil="true" /><eInjury.03 NV="7701003" xsi:nil="true" /><eInjury.04 NV="7701003" xsi:nil="true" /><eInjury.07 NV="7701003" xsi:nil="true" /><eInjury.CollisionGroup><eInjury.SeatGroup /></eInjury.CollisionGroup></eInjury><eArrest><eArrest.01 NV="7701003" xsi:nil="true" /><eArrest.02 NV="7701003" xsi:nil="true" /><eArrest.03 NV="7701003" xsi:nil="true" /><eArrest.04 NV="7701003" xsi:nil="true" /><eArrest.05 NV="7701003" xsi:nil="true" /><eArrest.07 NV="7701003" xsi:nil="true" /><eArrest.09 NV="7701003" xsi:nil="true" /><eArrest.10 NV="7701003" xsi:nil="true" /><eArrest.11 NV="7701003" xsi:nil="true" /><eArrest.12 NV="7701003" xsi:nil="true" /><eArrest.14 xsi:nil="true" NV="7701003" /><eArrest.15 xsi:nil="true" NV="7701003" /><eArrest.16 NV="7701003" xsi:nil="true" /><eArrest.17 NV="7701003" xsi:nil="true" /><eArrest.18 NV="7701003" xsi:nil="true" /></eArrest><eHistory><eHistory.01>3101027</eHistory.01><eHistory.05>3105005</eHistory.05><eHistory.06 xsi:nil="true" PN="8801013" /><eHistory.07>160244002</eHistory.07><eHistory.08>E11</eHistory.08><eHistory.ImmunizationsGroup /><eHistory.17 NV="7701003" xsi:nil="true" /></eHistory><eNarrative></eNarrative><eVitals><eVitals.VitalGroup><eVitals.01>2015-04-24T10:16:18-05:00</eVitals.01><eVitals.02>9923001</eVitals.02><eVitals.CardiacRhythmGroup><eVitals.03 NV="7701003" xsi:nil="true" /><eVitals.04 NV="7701003" xsi:nil="true" /><eVitals.05 NV="7701003" xsi:nil="true" /></eVitals.CardiacRhythmGroup><eVitals.BloodPressureGroup><eVitals.06>138</eVitals.06><eVitals.07>86</eVitals.07><eVitals.08>3308005</eVitals.08></eVitals.BloodPressureGroup><eVitals.HeartRateGroup><eVitals.10>116</eVitals.10></eVitals.HeartRateGroup><eVitals.12>92</eVitals.12><eVitals.14>20</eVitals.14><eVitals.15>3315003</eVitals.15><eVitals.16 xsi:nil="true" NV="7701003" /><eVitals.17 xsi:nil="true" NV="7701003" /><eVitals.18>87</eVitals.18><eVitals.GlasgowScoreGroup><eVitals.19>2</eVitals.19><eVitals.20>2</eVitals.20><eVitals.21>4</eVitals.21><eVitals.22>3322003</eVitals.22><eVitals.23>8</eVitals.23></eVitals.GlasgowScoreGroup><eVitals.TemperatureGroup><eVitals.24 xsi:nil="true" NV="7701003" /></eVitals.TemperatureGroup><eVitals.26>3326005</eVitals.26><eVitals.PainScaleGroup><eVitals.27>0</eVitals.27><eVitals.28 NV="7701003" xsi:nil="true" /></eVitals.PainScaleGroup><eVitals.StrokeScaleGroup><eVitals.29 NV="7701003" xsi:nil="true" /><eVitals.30 NV="7701003" xsi:nil="true" /></eVitals.StrokeScaleGroup><eVitals.31 NV="7701003" xsi:nil="true" /></eVitals.VitalGroup></eVitals><eExam><eExam.01>102.1</eExam.01><eExam.02 NV="7701003" xsi:nil="true" /><eExam.AssessmentGroup><eExam.03>2015-04-24T10:16:18-05:00</eExam.03><eExam.04>3504003</eExam.04><eExam.19>3519021</eExam.19><eExam.20>3520003</eExam.20></eExam.AssessmentGroup></eExam><eProtocols><eProtocols.ProtocolGroup><eProtocols.01>9914113</eProtocols.01><eProtocols.02>3602001</eProtocols.02></eProtocols.ProtocolGroup></eProtocols><eMedications><eMedications.MedicationGroup><eMedications.01>2015-04-24T10:16:18-05:00</eMedications.01><eMedications.02>9923001</eMedications.02><eMedications.03>7806</eMedications.03><eMedications.04>9927031</eMedications.04><eMedications.DosageGroup><eMedications.05>15</eMedications.05><eMedications.06 xsi:nil="true" NV="7701003" /></eMedications.DosageGroup><eMedications.07>9916003</eMedications.07><eMedications.08 NV="7701003" xsi:nil="true" /><eMedications.09>3837</eMedications.09><eMedications.10>9905013</eMedications.10></eMedications.MedicationGroup></eMedications><eProcedures><eProcedures.ProcedureGroup><eProcedures.01>2015-04-24T10:16:18-05:00</eProcedures.01><eProcedures.02>9923001</eProcedures.02><eProcedures.03>268400002</eProcedures.03><eProcedures.05 xsi:nil="true" NV="7701003" /><eProcedures.06 NV="7701003" xsi:nil="true" /><eProcedures.07>3907033</eProcedures.07><eProcedures.08 NV="7701003" xsi:nil="true" /><eProcedures.09>2865</eProcedures.09><eProcedures.10>9905013</eProcedures.10><eProcedures.13 xsi:nil="true" NV="7701001" /></eProcedures.ProcedureGroup><eProcedures.ProcedureGroup><eProcedures.01>2015-04-24T10:16:18-05:00</eProcedures.01><eProcedures.02>9923001</eProcedures.02><eProcedures.03>386339009</eProcedures.03><eProcedures.04>18 G</eProcedures.04><eProcedures.05 xsi:nil="true" NV="7701003" /><eProcedures.06>9923001</eProcedures.06><eProcedures.07 NV="7701003" xsi:nil="true" /><eProcedures.08 NV="7701003" xsi:nil="true" /><eProcedures.09>3837</eProcedures.09><eProcedures.10>9905013</eProcedures.10><eProcedures.13 xsi:nil="true" NV="7701001" /></eProcedures.ProcedureGroup></eProcedures><eDisposition><eDisposition.DestinationGroup><eDisposition.01>&gt;{pXobVw}pIW5a0pt5a54K[6{eUEsdF8Tzj3rxu8w;KEV8[4DEga[leqPjZ9=A4IZA28uz{y&gt;X&lt;v}E]r9P0^zbZeEv`8Mkxe72iE</eDisposition.01><eDisposition.02 xsi:nil="true" NV="7701003" /><eDisposition.03>751 Hamilton Blvd</eDisposition.03><eDisposition.04>25457</eDisposition.04><eDisposition.05>17</eDisposition.05><eDisposition.06>37820</eDisposition.06><eDisposition.07>79694</eDisposition.07><eDisposition.08>US</eDisposition.08></eDisposition.DestinationGroup><eDisposition.11>1</eDisposition.11><eDisposition.12>4212033</eDisposition.12><eDisposition.13>9909013</eDisposition.13><eDisposition.14>4214017</eDisposition.14><eDisposition.16>4216005</eDisposition.16><eDisposition.17>4217001</eDisposition.17><eDisposition.18>4218011</eDisposition.18><eDisposition.19>9916003</eDisposition.19><eDisposition.20>4220019</eDisposition.20><eDisposition.21 NV="7701003" xsi:nil="true" /><eDisposition.22 NV="7701003" xsi:nil="true" /><eDisposition.23>9908007</eDisposition.23><eDisposition.HospitalTeamActivationGroup><eDisposition.24 NV="7701003" xsi:nil="true" /><eDisposition.25 xsi:nil="true" NV="7701003" /></eDisposition.HospitalTeamActivationGroup></eDisposition><eOutcome><eOutcome.01 NV="7701003" xsi:nil="true" /><eOutcome.02 NV="7701003" xsi:nil="true" /><eOutcome.ExternalDataGroup /></eOutcome><eOther><eOther.EMSCrewMemberGroup><eOther.05 NV="7701003" xsi:nil="true" /><eOther.06 NV="7701003" xsi:nil="true" /></eOther.EMSCrewMemberGroup><eOther.08>gkP5K8o`afD7^g&gt;</eOther.08><eOther.SignatureGroup><eOther.12>4512005</eOther.12><eOther.13>4513007</eOther.13><eOther.14>4514029</eOther.14><eOther.15>4515023</eOther.15><eOther.19>2015-04-24T10:16:57-05:00</eOther.19><eOther.20>Stanfield</eOther.20><eOther.21>Nancy</eOther.21></eOther.SignatureGroup></eOther></PatientCareReport></Header></EMSDataSet>